No. Anggota,Daerah pemilihan,Potret,Nama,Komisi,Fraksi,Fraksi.1,Perolehan Suara Sah,Catatan
1,Aceh I,,"H. Irmawan S.Sos., M.M.",Komisi V,,PKB,125.234,
155,Aceh I,,"Jamaluddin Idham S.H., M.H.",Komisi XIII,,PDI-P,71.608,
264,Aceh I,,Drs. H. T. Zulkarnaini Ampon Bang,Komisi VII,,Golkar,91.816,
366,Aceh I,,"H. Muslim Ayub S.H., M.M.",Komisi XIII,,NasDem,73.995,
435,Aceh I,,Ghufran,Komisi VI,,PKS,46.713,
488,Aceh I,,H. Nazaruddin Dek Gam,Komisi III,,PAN,140.614,Ketua Mahkamah Kehormatan Dewan DPR RI
536,Aceh I,,H. Teuku Riefky Harsya,,,Demokrat,88.005,[Ket. 1]
536,Aceh I,,"H. T. Ibrahim S.T., M.M.",Komisi XIII,,Demokrat,12.653,[Ket. 2][2]
2,Aceh II,,H. Ruslan Daud,Komisi V,,PKB,141.953,
69,Aceh II,,Ir. H. T. A. Khalid M.M.,Komisi IV,,Gerindra,73.873,
265,Aceh II,,H. Ilham Pangestu,Komisi V,,Golkar,204.199,Wakil Ketua Badan Urusan Rumah Tangga DPR RI
266,Aceh II,,Samsul Bahri Tiyong,Komisi XIII,,Golkar,86.109,
367,Aceh II,,Irsan Sosiawan M.B.A.,Komisi XII,,NasDem,66.009,
436,Aceh II,,M. Nasir Djamil M.Si.,Komisi III,,PKS,59.552,
3,Sumatera Utara I,,Ashari Tambunan,Komisi VIII,,PKB,134.226,
70,Sumatera Utara I,,Ade Jona Prasetyo,Komisi XII,,Gerindra,136.085,
71,Sumatera Utara I,,"M. Husni S.E., M.M.",Komisi VIII,,Gerindra,61.622,
156,Sumatera Utara I,,Dr. Sofyan Tan,Komisi X,,PDI-P,279.334,
157,Sumatera Utara I,,"Prof. Dr. Yasonna H. Laoly S.H., M.Sc.",Komisi XIII,,PDI-P,83.045,
267,Sumatera Utara I,,"Dr. H. Musa Rajekshah S.Sos., M.Hum.",Komisi V,,Golkar,190.99,
268,Sumatera Utara I,,"Meutya Hafid B.Eng., M.I.P.",,,Golkar,147.004,[Ket. 3]
268,Sumatera Utara I,,"Kombes. Pol. (Purn.) Dr. Maruli Siahaan S.H., M.H.",Komisi X,,Golkar,36.53,[Ket. 4][3]
368,Sumatera Utara I,,Prananda Surya Paloh,Komisi I,,NasDem,103.019,
437,Sumatera Utara I,,Ir. H. Tifatul Sembiring,Komisi VII,,PKS,92.704,
537,Sumatera Utara I,,Muhammad Lokot Nasution S.T.,Komisi V,,Demokrat,56.688,
4,Sumatera Utara II,,H. Marwan Dasopang M.Si.,Komisi VIII,,PKB,49.175,Ketua Komisi VIII DPR RI
72,Sumatera Utara II,,Gus Irawan Pasaribu,,,Gerindra,87.343,[Ket. 5]
72,Sumatera Utara II,,Sabam Rajagukguk,Komisi IV,,Gerindra,49.236,[Ket. 6]
158,Sumatera Utara II,,Drs. Rapidin Simbolon M.M.,Komisi XIII,,PDI-P,102.546,
159,Sumatera Utara II,,Sihar P. H. Sitorus,Komisi IX,,PDI-P,86.341,
269,Sumatera Utara II,,Lamhot Sinaga,Komisi VII,,Golkar,158.973,Wakil Ketua Komisi VII DPR RI
270,Sumatera Utara II,,"Andar Amin Harahap S.STP., M.Si.",Komisi II,,Golkar,140.063,
271,Sumatera Utara II,,Trinovi Khairani B.A.,Komisi I,,Golkar,99.419,
369,Sumatera Utara II,,"Martin Manurung S.E., M.A.",Komisi XI,,NasDem,116.649,Wakil Ketua Badan Legislasi DPR RI
489,Sumatera Utara II,,"Dr. Saleh Partaonan Daulay M.Ag., M.Hum., M.A.",Komisi VII,,PAN,77.914,Ketua Komisi VII DPR RI
538,Sumatera Utara II,,Sabam Sinaga,Komisi X,,Demokrat,69.969,
73,Sumatera Utara III,,"Sugiat Santoso S.E., M.S.P.",Komisi XIII,,Gerindra,58.226,Wakil Ketua Komisi XIII DPR RI
160,Sumatera Utara III,,Bob Andika Mamana Sitepu,Komisi II,,PDI-P,94.621,
161,Sumatera Utara III,,Bane Raja Manalu,Komisi VII,,PDI-P,91.169,
272,Sumatera Utara III,,H. Ahmad Doli Kurnia Tandjung,Komisi II,,Golkar,141.846,Wakil Ketua Badan Legislasi DPR RI
273,Sumatera Utara III,,Delia Pratiwi Br. Sitepu S.H.,Komisi IX,,Golkar,119.047,
274,Sumatera Utara III,,"Mangihut Sinaga S.H., M.H.",Komisi III,,Golkar,116.091,
370,Sumatera Utara III,,Rudi Hartono Bangun S.E.,Komisi VI,,NasDem,103.387,
438,Sumatera Utara III,,H. Ansory Siregar,Komisi VIII,,PKS,66.736,Wakil Ketua Komisi VIII DPR RI
490,Sumatera Utara III,,Nasril Bahar S.E.,Komisi VI,,PAN,59.947,
539,Sumatera Utara III,,"Dr. Hinca I. P. Pandjaitan XIII S.H., M.H., ACCS.",Komisi III,,Demokrat,74.375,
5,Sumatera Barat I,,Rico Alviano S.T.,Komisi XII,,PKB,35.942,
74,Sumatera Barat I,,Andre Rosiade,Komisi VI,,Gerindra,114.914,Wakil Ketua Komisi VI DPR RI
162,Sumatera Barat I,,Alex Indra Lukman S.Sos.,Komisi IV,,PDI-P,68.393,Wakil Ketua Komisi IV DPR RI
275,Sumatera Barat I,,"Zigo Rolanda S.E, M.M.",Komisi V,,Golkar,58.107,
371,Sumatera Barat I,,"Dr. Hj. Lisda Hendrajoni S.E., M.M.Tr.",Komisi VIII,,NasDem,94.553,
372,Sumatera Barat I,,"Ir. M. Shadiq Pasadigoe S.H., M.M.",Komisi XIII,,NasDem,50.458,
439,Sumatera Barat I,,H. Rahmat Saleh S.Farm.,Komisi II,,PKS,67.522,
491,Sumatera Barat I,,Athari Ghauthi Ardi S.H.,Komisi V,,PAN,91.221,
75,Sumatera Barat II,,"Ade Rezki Pratama S.E., M.M.",Komisi IX,,Gerindra,68.418,
276,Sumatera Barat II,,"H. Benny Utama S.H., M.M.",Komisi III,,Golkar,75.255,
373,Sumatera Barat II,,Cindy Monica Salsabila Setiawan S.M.,Komisi IV,,NasDem,97.677,
440,Sumatera Barat II,,Nevi Zuairina,Komisi XII,,PKS,68.564,
492,Sumatera Barat II,,H. Arisal Aziz,Komisi XIII,,PAN,107.117,
540,Sumatera Barat II,,Ir. H. Mulyadi,Komisi XII,,Demokrat,103.683,
6,Riau I,,Iyeth Bustami,Komisi XII,,PKB,80.750,
76,Riau I,,Muhammad Rahul S.H.,Komisi III,,Gerindra,87.102,
163,Riau I,,Hj. Dewi Juliani S.H.,Komisi III,,PDI-P,99.345,
277,Riau I,,Syamsuar,,,Golkar,101.876[5],[Ket. 7]
277,Riau I,,dr. Maharani M.M.,Komisi IX,,Golkar,79.006,[Ket. 8]
278,Riau I,,"Dr. Hj. Karmila Sari S.Kom, M.M.",Komisi X,,Golkar,89.835,
441,Riau I,,H. Hendry Munief M.B.A.,Komisi VII,,PKS,50.085,
541,Riau I,,Dr. H. Achmad M.Si.,Komisi VIII,,Demokrat,80.186,
7,Riau II,,Abdul Wahid,,,PKB,101.876[7],[Ket. 9]
7,Riau II,,H. Mafirion,Komisi XIII,,PKB,16.394,[Ket. 10]
77,Riau II,,Muhammad Rohid,Komisi XII,,Gerindra,55.219,
164,Riau II,,Hj. Siti Aisyah,Komisi XIII,,PDI-P,37.331,
279,Riau II,,"Yulisman S.Si., M.M.",Komisi III,,Golkar,72.183,
442,Riau II,,"Dr. Syahrul Aidi Maazat Lc., M.A.",Komisi V,,PKS,104.142,
493,Riau II,,Ir. H. Sahidin,Komisi II,,PAN,43.168,
8,Jambi,,Elpisina,Komisi XIII,,PKB,63.261,
78,Jambi,,Rocky Candra,Komisi XII,,Gerindra,64.026,
165,Jambi,,Edi Purwanto M.Si.,Komisi V,,PDI-P,81.984,
280,Jambi,,Drs. H. Cek Endra,Komisi XII,,Golkar,100.112,
281,Jambi,,H. Hasan Basri Agus,Komisi VIII,,Golkar,87.884,
374,Jambi,,"Dr. H. Syarif Fasha S.E., M.E.",Komisi XII,,NasDem,72.885,
494,Jambi,,H. A. Bakri H. M. S.E.,Komisi V,,PAN,67.792,
542,Jambi,,H. Zulfikar Achmad,Komisi IX,,Demokrat,50.927,
9,Sumatera Selatan I,,H. S. N. Prana Putra Sohe,Komisi XIII,,PKB,103.369,
79,Sumatera Selatan I,,"Hj. Kartika Sandra Desi S.H., M.M.",Komisi IV,,Gerindra,105.879,
166,Sumatera Selatan I,,"Yulian Gunhar S.H., M.H.",Komisi XII,,PDI-P,78.317,
282,Sumatera Selatan I,,Drs. H. Kahar Muzakir,Komisi XI,,Golkar,185.597,Wakil Ketua MPR RI
283,Sumatera Selatan I,,Yudha Novanza Utama,Komisi I,,Golkar,123.382,
375,Sumatera Selatan I,,Fauzi H. Amro,Komisi XI,,NasDem,281.499,Wakil Ketua Komisi XI DPR RI
443,Sumatera Selatan I,,Drs. H. Mohd. Iqbal Romzi,Komisi X,,PKS,47.004,
543,Sumatera Selatan I,,Ir. H. Ishak Mekki M.M.,Komisi V,,Demokrat,76.475,
10,Sumatera Selatan II,,Bertu Merlas S.T.,Komisi XI,,PKB,128.017,
80,Sumatera Selatan II,,"Ahmad Wazir Noviadi S.Psi., M.Si.",Komisi II,,Gerindra,161.595,
81,Sumatera Selatan II,,Ir. Hj. Sri Meliyana,Komisi IX,,Gerindra,131.297,
167,Sumatera Selatan II,,"H. M. Giri Ramanda N. Kiemas S.E., M.M.",Komisi II,,PDI-P,94.474,
284,Sumatera Selatan II,,"Dewi Yustisiana S.H., M.Kn.",Komisi XII,,Golkar,115.429,
376,Sumatera Selatan II,,"Irma Suryani S.E., M.M.",Komisi IX,,NasDem,180.607,
444,Sumatera Selatan II,,H. Askweni S.Pd.,Komisi VIII,,PKS,28.873,
495,Sumatera Selatan II,,H. Iskandar S.E.,Komisi VI,,PAN,78.747,
544,Sumatera Selatan II,,"Wahyu Sanjaya S.E., M.M.",Komisi XI,,Demokrat,122.393,
168,Bengkulu,,Eko Kurnia Ningsih,Komisi IX,,PDI-P,100.505,
285,Bengkulu,,Hj. Derta Rohidin,Komisi VIII,,Golkar,136.113,
377,Bengkulu,,Erna Sari Dewi S.E.,Komisi VII,,NasDem,52.795,
496,Bengkulu,,Hj. Dewi Coryati M.Si.,Komisi X,,PAN,152.052,
11,Lampung I,,"Dr. H. Muhammad Kadafi S.H., M.H.",Komisi X,,PKB,127.64,
82,Lampung I,,H. Ahmad Muzani,Komisi I,,Gerindra,110.161,Ketua MPR RI
83,Lampung I,,"Ruby Chairani Syiffadia B.A. (Hons), M.Sc.",Komisi X,,Gerindra,66.71,
169,Lampung I,,Drs. Mukhlis Basri,Komisi V,,PDI-P,83.393,
170,Lampung I,,Sudin S.E.,Komisi III,,PDI-P,82.744,
286,Lampung I,,Rycko Menoza M.B.A.,Komisi VII,,Golkar,53.813,
378,Lampung I,,"Rahmawati Herdian S.H., M.Kn.",Komisi IX,,NasDem,94.133,
445,Lampung I,,Dr. Al Muzzammil Yusuf M.Si.,Komisi XIII,,PKS,65.452,
497,Lampung I,,Putri Zulkifli Hasan,Komisi XII,,PAN,127.6,Wakil Ketua Komisi XII DPR RI
545,Lampung I,,H. Zulkifli Anwar,Komisi II,,Demokrat,80.492,
12,Lampung II,,Hj. Chusnunia M.Si.,Komisi VII,,PKB,143.422,Wakil Ketua Komisi VII DPR RI
84,Lampung II,,Ir. Dwita Ria Gunadi,Komisi IV,,Gerindra,132.105,
85,Lampung II,,"Dr. Bob Hasan S.H., M.H.",Komisi III,,Gerindra,64.491,Ketua Badan Legislasi DPR RI
171,Lampung II,,drh. I Ketut Suwendra M.M.,Komisi IV,,PDI-P,62.907,
287,Lampung II,,Ir. Hanan A. Rozak M.S.,Komisi IV,,Golkar,93.83,
288,Lampung II,,H. Aprozi Alam S.E.,Komisi VIII,,Golkar,55.008,
379,Lampung II,,Tamanuri,Komisi V,,NasDem,63.978,
446,Lampung II,,Dr. Ir. H. A. Junaidi Auly M.M.,Komisi XI,,PKS,58.806,
498,Lampung II,,"Irham Jafar Lan Putra S.Hut., M.H.",Komisi IV,,PAN,72.819,
546,Lampung II,,Marwan Cik Asan,Komisi XI,,Demokrat,159.162,
86,Kepulauan Bangka Belitung,,Hj. Melati S.H.,Komisi XIII,,Gerindra,80.969,
172,Kepulauan Bangka Belitung,,Ir. Rudianto Tjen,Komisi I,,PDI-P,110.477,
289,Kepulauan Bangka Belitung,,"Bambang Patijaya S.E., M.M.",Komisi XII,,Golkar,87.97,Ketua Komisi XII DPR RI
87,Kepulauan Riau,,Ir. H. M. Endipat Wijaya M.M.,Komisi I,,Gerindra,105.413,Wakil Ketua Badan Akuntabilitas Keuangan Negara DPR RI
173,Kepulauan Riau,,Mayjen. TNI (Purn.) Sturman Panjaitan S.H.,Komisi IV,,PDI-P,59.46,Wakil Ketua Badan Legislasi DPR RI
290,Kepulauan Riau,,Rizki Faisal,Komisi VI,,Golkar,73.664,
380,Kepulauan Riau,,Randi Zulmariadi S.M.,Komisi VI,,NasDem,85.67,
13,DKI Jakarta I,,H. Hasbiallah Ilyas,Komisi III,,PKB,80.895,
88,DKI Jakarta I,,"Dr. Habiburokhman S.H., M.H.",Komisi III,,Gerindra,96.914,Ketua Komisi III DPR RI
174,DKI Jakarta I,,Putra Nababan,Komisi VII,,PDI-P,105.559,
447,DKI Jakarta I,,Dr. H. Mardani Ali Sera M.Eng.,Komisi II,,PKS,176.584,Ketua Badan Kerjasama Antar Parlemen DPR RI
448,DKI Jakarta I,,Dr. Hj. Anis Byarwati,Komisi XI,,PKS,64.304,
499,DKI Jakarta I,,H. Eko Hendro Purnomo S.Sos.,Komisi VI,,PAN,93.673,Wakil Ketua Komisi VI DPR RI
14,DKI Jakarta II,,Dr. Hj. Ida Fauziyah M.Si.,Komisi VI,,PKB,76.092,
89,DKI Jakarta II,,"Hj. Himmatul Aliyah S.Sos., M.Si.",Komisi X,,Gerindra,94.543,Wakil Ketua Komisi X DPR RI
175,DKI Jakarta II,,Once Mekel S.H.,Komisi X,,PDI-P,60.623,
291,DKI Jakarta II,,"Abraham Sridjaja S.H., M.H., C.L.A.",Komisi I,,Golkar,76.945,
449,DKI Jakarta II,,Dr. H. M. Hidayat Nur Wahid M.A.,Komisi VIII,,PKS,227.974,Wakil Ketua MPR RI
450,DKI Jakarta II,,Dr. Hj. Kurniasih Mufidayati M.Si.,Komisi IX,,PKS,62.755,
500,DKI Jakarta II,,Surya Utama S.I.P.,Komisi IX,,PAN,81.463,
90,DKI Jakarta III,,Rahayu Saraswati D. Djojohadikusumo,Komisi VII,,Gerindra,52.932,Wakil Ketua Komisi VII DPR RI
176,DKI Jakarta III,,Charles Honoris,Komisi IX,,PDI-P,97.016,Wakil Ketua Komisi IX DPR RI
177,DKI Jakarta III,,Prof. Asc. Dr. Darmadi Durianto,Komisi VI,,PDI-P,95.553,
292,DKI Jakarta III,,Erwin Aksa,Komisi XI,,Golkar,186.897,
381,DKI Jakarta III,,"Ahmad Sahroni S.E., M.I.Kom.",Komisi III,,NasDem,163.292,Wakil Ketua Komisi III DPR RI
451,DKI Jakarta III,,Drs. H. Adang Daradjatun,Komisi III,,PKS,95.773,
501,DKI Jakarta III,,"Sigit Purnomo S.A.P., S.H.",Komisi VIII,,PAN,50.222,
547,DKI Jakarta III,,Nurwayah S.Pd.,Komisi XII,,Demokrat,34.661,
15,Jawa Barat I,,Habib Syarief Muhammad,Komisi X,,PKB,51.801,
91,Jawa Barat I,,Melly Goeslaw,Komisi X,,Gerindra,75.369,
178,Jawa Barat I,,Junico B. P. Siahaan S.E.,Komisi I,,PDI-P,56.516,
293,Jawa Barat I,,"Dr. Hj. Atalia Praratya S.I.P., M.I.Kom.",Komisi VIII,,Golkar,234.065,
294,Jawa Barat I,,Nurul Arifin M.Si.,Komisi I,,Golkar,63.203,
452,Jawa Barat I,,"Hj. Ledia Hanifa A. S.Si., M.Psi.T.",Komisi X,,PKS,131.455,
548,Jawa Barat I,,H. Fathi,Komisi XI,,Demokrat,39.048,
16,Jawa Barat II,,H. Cucun Ahmad Syamsurijal,Komisi III,,PKB,267.788,Wakil Ketua DPR-RI
17,Jawa Barat II,,Asep Romy Romaya,Komisi IX,,PKB,78.772,
92,Jawa Barat II,,Rachel Maryam Sayidina,Komisi I,,Gerindra,114.749,
179,Jawa Barat II,,Denny Cagur S.Pd.,Komisi X,,PDI-P,58.043,
295,Jawa Barat II,,Dr. H. TB. Ace Hasan Syadzily M.Si.,,,Golkar,107.704,[Ket. 11]
295,Jawa Barat II,,Ir. H. Anang Susanto Suhendar M.Si.,Komisi XIII,,Golkar,100.315,[Ket. 12][3]
296,Jawa Barat II,,"Dr. H. Dadang M. Naser S.H., M.I.Pol.",Komisi IV,,Golkar,100.690,
382,Jawa Barat II,,Rajiv,Komisi IV,,NasDem,58.018,
453,Jawa Barat II,,"Dr. H. Ahmad Heryawan Lc., M.Si.",Komisi I,,PKS,145.034,Wakil Ketua Komisi I DPR RI
502,Jawa Barat II,,"Ahmad Najib Qodratullah S.E., M.H.",Komisi XI,,PAN,91.769,
549,Jawa Barat II,,"Dr. H. Dede Yusuf Macan Effendi S.T., M.I.Pol.",Komisi II,,Demokrat,210.179,Wakil Ketua Komisi II DPR RI
18,Jawa Barat III,,"Neng Eem Marhamah Zulfa Hiz S.Th.I., M.M.",Komisi XI,,PKB,49.991,
93,Jawa Barat III,,Kamrussamad,Komisi XI,,Gerindra,70.309,
94,Jawa Barat III,,"Dr. Ir. Hj. Endang Setyawati Thohari DESS., M.Sc.",Komisi IV,,Gerindra,54.833,
180,Jawa Barat III,,H. Muhamad Abdul Aziz Sefudin,Komisi VIII,,PDI-P,97.123,
297,Jawa Barat III,,Budhy Setiawan,,,Golkar,74.533,[Ket. 13]
297,Jawa Barat III,,Isfhan Taufik Munggaran,Komisi XIII,,Golkar,39.464,[Ket. 14]
298,Jawa Barat III,,Ilham Permana,Komisi VII,,Golkar,61.731,
383,Jawa Barat III,,Ananda Tohpati N. R.,Komisi IV,,NasDem,24.383,
454,Jawa Barat III,,H. Ecky Awal Mucharam,Komisi XI,,PKS,109.825,
503,Jawa Barat III,,H. Eddy Soeparno,Komisi XII,,PAN,66.703,Wakil Ketua MPR RI
19,Jawa Barat IV,,Zainul Munasichin,Komisi IX,,PKB,63.780,
95,Jawa Barat IV,,Heri Gunawan,Komisi II,,Gerindra,91.748,
299,Jawa Barat IV,,"Hj. Dewi Asmara S.H., M.H.",Komisi XIII,,Golkar,123.216,Wakil Ketua Komisi XIII DPR RI
455,Jawa Barat IV,,drh. Slamet,Komisi IV,,PKS,64.044,
504,Jawa Barat IV,,"Dr. Hj. Desy Ratnasari S.Psi., M.Si., M.Psi.",Komisi I,,PAN,78.306,Wakil Ketua Badan Urusan Rumah Tangga DPR RI
550,Jawa Barat IV,,"Iman Adinugraha S.E., Akt.",Komisi VII,,Demokrat,67.885,
20,Jawa Barat V,,Tommy Kurniawan,Komisi XI,,PKB,100.656,
96,Jawa Barat V,,"Dr. H. Fadli Zon S.S., M.Sc.",,,Gerindra,149.258,[Ket. 15]
96,Jawa Barat V,,Drs. H. Mulyadi M.M.A.,Komisi I,,Gerindra,66.728,[Ket. 16][2]
97,Jawa Barat V,,Hj. Marlyn Maisarah,Komisi V,,Gerindra,82.478,
181,Jawa Barat V,,Adian Y. Y. Napitupulu S.H.,Komisi V,,PDI-P,87.288,Wakil Ketua Badan Aspirasi Masyarakat DPR RI
300,Jawa Barat V,,Ravindra Airlangga M.S.,Komisi IX,,Golkar,152.168,Wakil Ketua Badan Kerjasama Antar Parlemen DPR RI
384,Jawa Barat V,,Asep Wahyuwijaya,Komisi VI,,NasDem,63.902,
456,Jawa Barat V,,drh. H. Achmad Ru'yat M.Si.,Komisi IX,,PKS,92.775,
505,Jawa Barat V,,"Primus Yustisio S.E., M.A.P.",Komisi XI,,PAN,128.892,
551,Jawa Barat V,,H. Anton Sukartono Suratto M.Si.,Komisi I,,Demokrat,58.033,Wakil Ketua Komisi I DPR RI
21,Jawa Barat VI,,H. Sudjatmiko S.T.,Komisi V,,PKB,135.241,
98,Jawa Barat VI,,Ir. H. Nuroji,Komisi IX,,Gerindra,74.878,
182,Jawa Barat VI,,Sukur H. Nababan S.T.,Komisi IX,,PDI-P,111.793,
301,Jawa Barat VI,,Ranny Fahd Arafiq,Komisi IX,,Golkar,177.508,
457,Jawa Barat VI,,Mahfudz Abdurrahman S.Sos.,Komisi X,,PKS,118.727,Wakil Ketua Komisi X DPR RI
458,Jawa Barat VI,,"H. Muhammad Kholid S.E., M.Si.",Komisi XI,,PKS,107.251,
22,Jawa Barat VII,,Syaiful Huda,Komisi V,,PKB,82.391,Wakil Ketua Komisi V DPR RI
99,Jawa Barat VII,,"H. Dedi Mulyadi S.H., M.M.",,,Gerindra,375.658[9],[Ket. 17]
99,Jawa Barat VII,,Dra. Hj. Wardatul Asriah,Komisi VIII,,Gerindra,25.028,[Ket. 18]
100,Jawa Barat VII,,drg. Hj. Putih Sari M.Dsc.,Komisi IX,,Gerindra,111.118,Wakil Ketua Komisi IX DPR RI
101,Jawa Barat VII,,Obon Tabroni,Komisi IX,,Gerindra,52.238,
183,Jawa Barat VII,,Dr. Rieke Diah Pitaloka,Komisi VI,,PDI-P,94.201,
302,Jawa Barat VII,,Puteri Komarudin,Komisi XI,,Golkar,142.046,
385,Jawa Barat VII,,Saan Mustopa,Komisi II,,NasDem,74.695,Wakil Ketua DPR-RI
459,Jawa Barat VII,,Ahmad Syaikhu,,,PKS,163.775[9],[Ket. 19]
459,Jawa Barat VII,,H. Jalal Abdul Nasir Ak.,Komisi XII,,PKS,31.732,[Ket. 20]
506,Jawa Barat VII,,Verrell Bramasta,Komisi X,,PAN,94.810,
552,Jawa Barat VII,,dr. Hj. Cellica Nurrachadiana M.H.Kes,Komisi IX,,Demokrat,152.084,Wakil Ketua Badan Aspirasi Masyarakat DPR RI
23,Jawa Barat VIII,,H. Dedi Wahidi,Komisi X,,PKB,88.462,
102,Jawa Barat VIII,,Kardaya Warnika,Komisi VII,,Gerindra,64.425,
184,Jawa Barat VIII,,Prof. Dr. Ir. H. Rokhmin Dahuri M.S.,Komisi IV,,PDI-P,94.081,
185,Jawa Barat VIII,,"Hj. Selly Andriany Gantina A.Md., S.T.",Komisi VIII,,PDI-P,63.910,
303,Jawa Barat VIII,,H. Daniel Mutaqien Syafiuddin S.T.,Komisi V,,Golkar,89.357,
304,Jawa Barat VIII,,Dave Akbarshah Firkarno M.E.,Komisi I,,Golkar,80.526,Wakil Ketua Komisi I DPR RI
386,Jawa Barat VIII,,"Satori S.Pd.I., M.M.",Komisi VIII,,NasDem,70.708,
460,Jawa Barat VIII,,Dr. Hj. Netty Prasetiyani M.Si.,Komisi IX,,PKS,67.263,Ketua Badan Aspirasi Masyarakat DPR RI
553,Jawa Barat VIII,,Dr. Ir. H. E. Herman Khaeron M.Si.,Komisi VI,,Demokrat,78.033,Wakil Ketua Badan Akuntabilitas Keuangan Negara DPR RI
24,Jawa Barat IX,,K. H. Maman Imanul Haq M.M.,Komisi VIII,,PKB,60.886,
103,Jawa Barat IX,,"Dr. H. Jefry Romdonny S.E., S.Sos., M.Si., M.M.",Komisi XI,,Gerindra,98.290,
186,Jawa Barat IX,,"Dr. H. Hasanuddin S.E., M.M.",Komisi I,,PDI-P,79.525,Wakil Ketua Mahkamah Kehormatan Dewan DPR RI
305,Jawa Barat IX,,"Elita Budiati S.K.M., M.Si.",Komisi I,,Golkar,96.498,
306,Jawa Barat IX,,Galih Dimuntur Kartasasmita,Komisi XI,,Golkar,91.816,
387,Jawa Barat IX,,"Ujang Bey S.I.P., M.I.P.",Komisi II,,NasDem,31.546,
461,Jawa Barat IX,,Ir. H. Ateng Sutisna,Komisi II,,PKS,81.286,
507,Jawa Barat IX,,"Farah Puteri Nahlia B.A., M.Sc.",Komisi I,,PAN,146.014,
25,Jawa Barat X,,"Rina Sa'adah Lc., M.Si.",Komisi IV,,PKB,59.992,
104,Jawa Barat X,,H. Rokhmat Ardiyan M.M.,Komisi XII,,Gerindra,104.307,
187,Jawa Barat X,,Hj. Ida Nurlaela Wiradinata,Komisi VI,,PDI-P,64.040,
307,Jawa Barat X,,"Dr. Tr. Agun Gunandjar S. Bc.I.P., M.Si.",Komisi XIII,,Golkar,61.935,Wakil Ketua Badan Aspirasi Masyarakat DPR RI
388,Jawa Barat X,,"Dr. Shohibul Imam CA., CPA.",Komisi XI,,NasDem,56.776,
462,Jawa Barat X,,"Dr. K. H. Surahman Hidayat Lc., M.A.",Komisi III,,PKS,71.497,
508,Jawa Barat X,,Ir. H. Herry Dermawan,Komisi IV,,PAN,47.460,
26,Jawa Barat XI,,Hj. Imas Aan Ubudiah S.Pd.I.,Komisi VI,,PKB,126.813,
27,Jawa Barat XI,,H. Oleh Soleh S.H.,Komisi I,,PKB,125.198,
105,Jawa Barat XI,,"Muhammad Husein Fadlulloh B.Bus., M.M., M.B.A.",Komisi VI,,Gerindra,188.083,Wakil Ketua Badan Kerjasama Antar Parlemen DPR RI
106,Jawa Barat XI,,Mulan Jameela S.S.,Komisi VI,,Gerindra,83.526,
188,Jawa Barat XI,,Dony Maryadi Oekon S.T.,Komisi XII,,PDI-P,97.925,Wakil Ketua Komisi XII DPR RI
308,Jawa Barat XI,,Ade Ginanjar S.Sos.,Komisi II,,Golkar,216.938,
309,Jawa Barat XI,,"Ferdiansyah S.E., M.M.",Komisi X,,Golkar,97.464,
389,Jawa Barat XI,,Lola Nelria Oktavia,Komisi III,,NasDem,48.097,
463,Jawa Barat XI,,"H. Mohamad Sohibul Iman M.Sc., Ph.D.",Komisi XIII,,PKS,76.661,
509,Jawa Barat XI,,"Muhammad Hoerudin Amin S.Ag., M.H.",Komisi X,,PAN,85.917,
28,Jawa Tengah I,,H. Alamuddin Dimyati Rois S.Sos.,Komisi IX,,PKB,86.016,[Ket. 21]
107,Jawa Tengah I,,"H. Sugiono B.Sc., M.Sc.",,,Gerindra,62.855,[Ket. 22]
107,Jawa Tengah I,,Jamal Mirdad,Komisi I,,Gerindra,23.644,[Ket. 23][2]
189,Jawa Tengah I,,"Mochamad Herviano Widyatama S.Sos., M.M.",Komisi V,,PDI-P,230.113,
190,Jawa Tengah I,,Samuel J. D. Wattimena,Komisi VII,,PDI-P,67.812,
310,Jawa Tengah I,,Firnando Hadityo Ganinduto B.A.,Komisi VI,,Golkar,63.881,
390,Jawa Tengah I,,Drs. Fadholi,Komisi V,,NasDem,91.487,
464,Jawa Tengah I,,"Dr. H. Muhammad Haris S.S., M.Si.",Komisi XII,,PKS,64.945,
554,Jawa Tengah I,,"H. A. S. Sukawijaya alias Yoyok Sukawi S.E., M.M.",,,Demokrat,98.265,[Ket. 24]
554,Jawa Tengah I,,dr. Raja Faisal Manganju Sitorus,Komisi XIII,,Demokrat,21.903,[Ket. 25]
29,Jawa Tengah II,,"Fathan S.Ag., M.A.P.",,,PKB,130.155,[Ket. 26]
29,Jawa Tengah II,,Hj. Hindun Anisah M.A.,Komisi IV,,PKB,64.454,[Ket. 27]
108,Jawa Tengah II,,Abdul Wachid,Komisi VIII,,Gerindra,68.843,Wakil Ketua Komisi VIII DPR RI
191,Jawa Tengah II,,"Dr. H. Musthofa S.E., M.M.",Komisi XI,,PDI-P,82.906,
192,Jawa Tengah II,,"Gilang Dhielafararez S.H., LL.M.",Komisi III,,PDI-P,71.437,
311,Jawa Tengah II,,"Nusron Wahid S.S., M.Si.",,,Golkar,204.248,[Ket. 28]
311,Jawa Tengah II,,Andhika Satya Wasistho,Komisi VII,,Golkar,49.333,[Ket. 29][3]
312,Jawa Tengah II,,Jamaludin Malik,Komisi XIII,,Golkar,118.402,
391,Jawa Tengah II,,Lestari Moerdijat,Komisi X,,NasDem,107.293,Wakil Ketua MPR RI
30,Jawa Tengah III,,Marwan Jafar,Komisi I,,PKB,87.631,
31,Jawa Tengah III,,Eva Monalisa,Komisi VII,,PKB,69.457,
109,Jawa Tengah III,,"Sudewo S.T., M.T.",,,Gerindra,125.601,[Ket. 30]
109,Jawa Tengah III,,Danang Wicaksana Sulistya,Komisi V,,Gerindra,34.066,[Ket. 31]
193,Jawa Tengah III,,"Haryanto S.H., M.M., M.Si.",Komisi V,,PDI-P,135.086,
194,Jawa Tengah III,,"Dr. Evita Nursanty S.H., M.Sc.",Komisi VII,,PDI-P,114.06,Wakil Ketua Komisi VII DPR RI
195,Jawa Tengah III,,"Dr. H. Edy Wuryanto S.Kp., M.Kep.",Komisi IX,,PDI-P,98.008,
313,Jawa Tengah III,,Firman Soebagyo,Komisi IV,,Golkar,96.215,
392,Jawa Tengah III,,"Hj. Sri Wulan S.E., M.M.",Komisi VIII,,NasDem,57.822,
555,Jawa Tengah III,,"Harmusa Oktaviani S.E., M.H.",Komisi V,,Demokrat,108.545,
110,Jawa Tengah IV,,Ir. Sriyanto Saputro M.M.,Komisi V,,Gerindra,58.13,
196,Jawa Tengah IV,,Ir. Bambang Wuryanto M.B.A.,Komisi XII,,PDI-P,118.384,Wakil Ketua MPR RI
197,Jawa Tengah IV,,Dolfie O. F. P. S.T.,Komisi XI,,PDI-P,107.552,Wakil Ketua Komisi XI DPR RI
198,Jawa Tengah IV,,Diah Pikatan O. Putri Haprani,Komisi XI,,PDI-P,101.125,
314,Jawa Tengah IV,,"Drs. Juliyatmono M.M., M.H.",Komisi X,,Golkar,97.157,
465,Jawa Tengah IV,,Drs. Hamid Noor Yasin M.M.,Komisi XIII,,PKS,92.242,
556,Jawa Tengah IV,,"Rinto Subekti S.E., M.M.",Komisi XIII,,Demokrat,122.943,Wakil Ketua Komisi XIII DPR RI
32,Jawa Tengah V,,H. Mohamad Toha M.Si.,Komisi II,,PKB,67.215,
111,Jawa Tengah V,,Adik Sasongko,Komisi XIII,,Gerindra,142.405,
199,Jawa Tengah V,,Puan Maharani,Komisi I,,PDI-P,297.366,Ketua DPR-RI
200,Jawa Tengah V,,Aria Bima,Komisi II,,PDI-P,115.123,Wakil Ketua Komisi II DPR RI
201,Jawa Tengah V,,"Rahmad Handoyo S.Pi., M.M.",,,PDI-P,76.414,[Ket. 32]
201,Jawa Tengah V,,"H. Didik Haryadi S.T., S.H.",Komisi XI,,PDI-P,74.75,[Ket. 33]
315,Jawa Tengah V,,"H. Singgih Januratmoko S.K.H., M.M.",Komisi VIII,,Golkar,125.067,Wakil Ketua Komisi VIII DPR RI
466,Jawa Tengah V,,"Dr. H. Abdul Kharis Almasyhari S.E., M.Si.",Komisi IV,,PKS,103.853,Wakil Ketua Komisi IV DPR RI
510,Jawa Tengah V,,Muhammad Hatta,Komisi VII,,PAN,72.369,
33,Jawa Tengah VI,,Abdullah,Komisi III,,PKB,106.817,
112,Jawa Tengah VI,,Prasetyo Hadi,,,Gerindra,105.58,[Ket. 34]
112,Jawa Tengah VI,,Azis Subekti M.T.,Komisi II,,Gerindra,17.368,[Ket. 35][2]
580,Jawa Tengah VI,,Ir. Sudjadi,,,PDI-P,169.106,[Ket. 36]
580,Jawa Tengah VI,,lowong,,,PDI-P,,
202,Jawa Tengah VI,,"Vita Ervina S.E., M.B.A.",Komisi XIII,,PDI-P,123.516,
203,Jawa Tengah VI,,Sofwan Dedy Ardyanto,Komisi V,,PDI-P,115.094,
316,Jawa Tengah VI,,Ir. Panggah Susanto M.M.,Komisi IV,,Golkar,91.866,Wakil Ketua Komisi IV DPR RI
393,Jawa Tengah VI,,Nafa Urbach,Komisi IX,,NasDem,67.652,
557,Jawa Tengah VI,,Bramantyo Suwondo M.,Komisi X,,Demokrat,118.361,Wakil Ketua Badan Kerjasama Antar Parlemen DPR RI
34,Jawa Tengah VII,,Drs. H. Taufiq R. Abdullah,Komisi I,,PKB,116.279,Wakil Ketua Badan Aspirasi Masyarakat DPR RI
113,Jawa Tengah VII,,"Ir. KRT. H. Darori Wonodipuro M.M., IPU.",Komisi IV,,Gerindra,62.152,
204,Jawa Tengah VII,,Drs. Utut Adianto,Komisi I,,PDI-P,116.794,Ketua Komisi I DPR RI
317,Jawa Tengah VII,,Dr. Bambang Soesatyo S.E.,Komisi III,,Golkar,80.468,
394,Jawa Tengah VII,,Amelia Anggraini,Komisi I,,NasDem,131.481,
467,Jawa Tengah VII,,Rofik Hananto S.E.,Komisi VII,,PKS,126.658,
511,Jawa Tengah VII,,Aqib Ardiansyah M.Si.,Komisi XII,,PAN,64.934,
35,Jawa Tengah VIII,,"Siti Mukaromah S.Ag., M.A.P.",Komisi VII,,PKB,79.505,
114,Jawa Tengah VIII,,"Hj. Novita Wijayanti S.M., M.M.",Komisi V,,Gerindra,163.92,Wakil Ketua Badan Urusan Rumah Tangga DPR RI
205,Jawa Tengah VIII,,Kaisar Kiasa Kasih Said Putra,Komisi XI,,PDI-P,132.872,
206,Jawa Tengah VIII,,Adisatrya Suryo Sulisto,Komisi VI,,PDI-P,132.482,Wakil Ketua Komisi VI DPR RI
318,Jawa Tengah VIII,,Teti Rohatiningsih S.Sos.,Komisi IX,,Golkar,84.8,
395,Jawa Tengah VIII,,Sugeng Suparwoto,Komisi XII,,NasDem,97.341,Wakil Ketua Komisi XII DPR RI
468,Jawa Tengah VIII,,H. Yanuar Arif Wibowo S.H.,Komisi V,,PKS,31.438,
558,Jawa Tengah VIII,,H. Wastam S.E.,Komisi V,,Demokrat,131.643,
36,Jawa Tengah IX,,Eka Widodo,Komisi II,,PKB,94.16,
115,Jawa Tengah IX,,"Mohamad Hekal B.Sc., M.B.A.",Komisi XI,,Gerindra,107.954,Wakil Ketua Komisi XI DPR RI
207,Jawa Tengah IX,,Shanty Alda Nathalia S.H.,Komisi XII,,PDI-P,196.355,
208,Jawa Tengah IX,,"Dr. Harris Turino S.T., S.H., M.Si., M.M.",Komisi XI,,PDI-P,105.967,
209,Jawa Tengah IX,,"Hj. Shintya Sandra Kusuma S.Hub.Int., M.A.B.",Komisi II,,PDI-P,91.305,
319,Jawa Tengah IX,,"Agung Widyantoro S.H., M.Si.",Komisi X,,Golkar,93.669,Wakil Ketua Mahkamah Kehormatan Dewan DPR RI
469,Jawa Tengah IX,,Dr. H. Abdul Fikri Faqih M.M.,Komisi VIII,,PKS,107.427,
512,Jawa Tengah IX,,Wahyudin Noor Aly alias Goyud,Komisi II,,PAN,52.299,
37,Jawa Tengah X,,M. Hanif Dhakiri,Komisi XI,,PKB,88.244,Wakil Ketua Komisi XI DPR RI
116,Jawa Tengah X,,Dr. Ramson Siagian,Komisi XII,,Gerindra,80.552,
210,Jawa Tengah X,,Dede Indra Permana Soediro S.H.,Komisi III,,PDI-P,130.131,Wakil Ketua Komisi III DPR RI
320,Jawa Tengah X,,Ashraff Abu,Komisi IX,,Golkar,177.436,
321,Jawa Tengah X,,"Doni Akbar S.E., M.M.",Komisi VI,,Golkar,154.476,
396,Jawa Tengah X,,Yoyok Riyo Sudibyo,Komisi I,,NasDem,81.781,
470,Jawa Tengah X,,Rizal Bawazier,Komisi VI,,PKS,56.355,
38,Daerah Istimewa Yogyakarta,,Kaisar Abu Hanifah,Komisi VII,,PKB,109.955,
117,Daerah Istimewa Yogyakarta,,Siti Hediati Soeharto S.E.,Komisi IV,,Gerindra,145.489,Ketua Komisi IV DPR RI
211,Daerah Istimewa Yogyakarta,,M. Y. Esti Wijayati,Komisi X,,PDI-P,257.923,Wakil Ketua Komisi X DPR RI
212,Daerah Istimewa Yogyakarta,,G. M. Totok Hedi Santosa,Komisi VI,,PDI-P,73.35,
322,Daerah Istimewa Yogyakarta,,Drs. Gandung Pardiman M.M.,Komisi XII,,Golkar,94.777,
397,Daerah Istimewa Yogyakarta,,"H. Subardi S.H., M.H.",Komisi VI,,NasDem,83.275,
471,Daerah Istimewa Yogyakarta,,Dr. H. Sukamta,Komisi I,,PKS,112.482,
513,Daerah Istimewa Yogyakarta,,H. Totok Daryanto S.E.,Komisi XII,,PAN,70.8,
39,Jawa Timur I,,"Dr. Hj. Arzeti Bilbina Setyawan S.E., M.AP.",Komisi IX,,PKB,62.79,
118,Jawa Timur I,,Ir. H. Bambang Haryo Soekartono,Komisi VII,,Gerindra,190.741,
119,Jawa Timur I,,Dhani Ahmad Prasetyo S.H.,Komisi X,,Gerindra,134.227,
213,Jawa Timur I,,Puti Guntur Soekarno S.I.P.,Komisi X,,PDI-P,108.181,
214,Jawa Timur I,,"Indah Kurnia S.E., M.M.",Komisi IX,,PDI-P,61.705,Wakil Ketua Badan Urusan Rumah Tangga DPR RI
323,Jawa Timur I,,"Dr. Ir. H. Adies Kadir S.H., M.Hum.",Komisi III,,Golkar,147.185,Wakil Ketua DPR-RI
398,Jawa Timur I,,Lita Machfud Arifin,Komisi X,,NasDem,68.456,
472,Jawa Timur I,,"Reni Astuti S.Si., M.PSDM.",Komisi V,,PKS,50.057,
514,Jawa Timur I,,"Arizal Tom Liwafa S.T., M.M.",Komisi VII,,PAN,69.195,
559,Jawa Timur I,,Dra. Lucy Kurniasari,Komisi IX,,Demokrat,48.227,
40,Jawa Timur II,,"H. Faisol Riza S.S., M.A.",,,PKB,214.799,[Ket. 37]
40,Jawa Timur II,,Dra. Hj. Anisah Syakur M.Ag.,Komisi VI,,PKB,74.74,[Ket. 38][12]
41,Jawa Timur II,,"Dr. H. Mohammad Irsyad Yusuf S.E., M.M.A.",,,PKB,83.884,[Ket. 39]
41,Jawa Timur II,,"Muhammad Hilman Mufidi S.E., S.H.",Komisi X,,PKB,44.734,[Ket. 40][12]
120,Jawa Timur II,,Dr. H. Anwar Sadad M.Ag.,Komisi XIII,,Gerindra,93.471,
215,Jawa Timur II,,dr. H. Mufti A.N. Anam M.I.Kom.,Komisi VI,,PDI-P,77.048,
324,Jawa Timur II,,"Dr. H. Mukhamad Misbakhun S.E., M.H.",Komisi XI,,Golkar,98.736,Ketua Komisi XI DPR RI
399,Jawa Timur II,,Mohammad Haerul Amri S.P.,,,NasDem,56.311,[Ket. 41]
399,Jawa Timur II,,"Hj. Dini Rahmania S.A.P., M.M.",Komisi VIII,,NasDem,46.065,[Ket. 42]
515,Jawa Timur II,,H. Syaiful Nuri,Komisi VIII,,PAN,64.989,
42,Jawa Timur III,,"Dr. Hj. Nihayatul Wafiroh S.Ag., M.A.",Komisi IX,,PKB,122.829,Wakil Ketua Komisi IX DPR RI
43,Jawa Timur III,,Ir. H. M. Nasim Khan,Komisi VI,,PKB,120.884,
121,Jawa Timur III,,Ir. H. Sumail Abdullah M.T.,Komisi I,,Gerindra,109.846,
216,Jawa Timur III,,"Sonny Tri Danaparamita S.H., M.H.",Komisi IV,,PDI-P,75.44,
217,Jawa Timur III,,Ina Ammania,Komisi VIII,,PDI-P,60.265,
325,Jawa Timur III,,"Zulfikar Arse Sadikin S.I.P., M.Si.",Komisi II,,Golkar,118.331,Wakil Ketua Komisi II DPR RI
560,Jawa Timur III,,"Dina Lorenza Audria S.I.P., M.I.P.",Komisi VII,,Demokrat,52.983,
44,Jawa Timur IV,,H. Rivqy Abdul Halim S.E.,Komisi VI,,PKB,96.475,
45,Jawa Timur IV,,H. Ach. Ghufron Sirodj S.Th.I,,,PKB,88.094,[Ket. 43]
45,Jawa Timur IV,,H. Muhammad Khozin M.A.P.,Komisi II,,PKB,53.548,[Ket. 44][12]
122,Jawa Timur IV,,Bambang Haryadi S.E.,Komisi XII,,Gerindra,138.99,Wakil Ketua Komisi XII DPR RI
123,Jawa Timur IV,,"Kawendra Lukistian S.E., M.Sn.",Komisi VI,,Gerindra,49.835,
218,Jawa Timur IV,,Arif Wibowo,Komisi II,,PDI-P,103.109,
326,Jawa Timur IV,,H. Muhamad Nur Purnamasidi S.Sos.,Komisi X,,Golkar,69.864,
400,Jawa Timur IV,,"H. Charles Meikyansah S.Sos., M.I.Kom.",Komisi XI,,NasDem,124.402,
473,Jawa Timur IV,,"Amin Ak., M.M.",Komisi VI,,PKS,73.148,
46,Jawa Timur V,,"Hassanudin Wahid S.Ag., M.Hum.",Komisi XI,,PKB,125.353,
47,Jawa Timur V,,H. Ali Ahmad S.H.,Komisi II,,PKB,86.029,
124,Jawa Timur V,,Moreno Soeprapto S.Sos.,Komisi XII,,Gerindra,112.313,
125,Jawa Timur V,,H. Ma'ruf Mubarok S.H.,Komisi VII,,Gerindra,88.038,
219,Jawa Timur V,,"Dr. Ahmad Basarah S.H., M.H.",Komisi XIII,,PDI-P,89.769,
220,Jawa Timur V,,Ir. Andreas Eddy Susetyo M.M.,Komisi XI,,PDI-P,81.02,Ketua Badan Akuntabilitas Keuangan Negara DPR RI
327,Jawa Timur V,,Ahmad Irawan,Komisi II,,Golkar,60.471,
474,Jawa Timur V,,dr. Gamal M.Biomed.,Komisi X,,PKS,110.385,
48,Jawa Timur VI,,Dr. Hj. Anggia Erma Rini M.K.M.,Komisi VI,,PKB,151.118,Ketua Komisi VI DPR RI
49,Jawa Timur VI,,H. An'im Falachuddin,Komisi VIII,,PKB,69.741,
126,Jawa Timur VI,,Ir. Endro Hermono M.B.A.,Komisi VIII,,Gerindra,67.155,
221,Jawa Timur VI,,Pulung Agustanto,Komisi III,,PDI-P,165.869,
222,Jawa Timur VI,,Dra. Sri Rahayu,,,PDI-P,111.284,[Ket. 45]
222,Jawa Timur VI,,Romy Soekarno,Komisi II,,PDI-P,51.245,[Ket. 46]
328,Jawa Timur VI,,"M. Sarmuji S.E., M.S.",Komisi VI,,Golkar,183.045,
329,Jawa Timur VI,,Dr. Ir. Heru Tjahjono M.M.,Komisi IX,,Golkar,90.569,
401,Jawa Timur VI,,Nurhadi,Komisi IX,,NasDem,100.143,
516,Jawa Timur VI,,Ir. Ahmad Riski Sadig M.Si.,Komisi XI,,PAN,112.443,
50,Jawa Timur VII,,"H. Ahmad Iman Sukri S.H., M.Hum.",Komisi XIII,,PKB,119.702,Wakil Ketua Badan Legislasi DPR RI
127,Jawa Timur VII,,Drs. Supriyanto,Komisi V,,Gerindra,72.792,
223,Jawa Timur VII,,"Hj. Novita Hardini S.E., M.E.",Komisi VII,,PDI-P,148.232,
224,Jawa Timur VII,,Ir. Budi Sulistyono alias Kanang,Komisi VI,,PDI-P,115.425,
330,Jawa Timur VII,,"Dr. Ali Mufthi S.Ag., M.Si.",Komisi V,,Golkar,76.877,
475,Jawa Timur VII,,"Riyono S.Kel., M.Si.",Komisi IV,,PKS,38.525,
561,Jawa Timur VII,,"Dr. H. Edhie Baskoro Yudhoyono B.Com., M.Sc.",Komisi XII,,Demokrat,318.223,Wakil Ketua MPR RI
562,Jawa Timur VII,,"Sartono S.E., M.M.",Komisi VI,,Demokrat,75.309,
51,Jawa Timur VIII,,Rusdi Kirana S.E.,Komisi III,,PKB,121.08,Wakil Ketua MPR RI
52,Jawa Timur VIII,,Dr. (H.C.) Drs. H. A. Halim Iskandar M.Pd.,Komisi I,,PKB,107.011,
128,Jawa Timur VIII,,Mochamad Irfan Yusuf,,,Gerindra,77.433,[Ket. 47]
128,Jawa Timur VIII,,Bimantoro Wiyono S.H.,Komisi VIII,,Gerindra,72.639,[Ket. 48][2]
225,Jawa Timur VIII,,"Hj. Sadarestuwati S.P., M.M.A.",Komisi VI,,PDI-P,102.063,
226,Jawa Timur VIII,,Banyu Biru Djarot,Komisi VII,,PDI-P,54.325,
331,Jawa Timur VIII,,M. Yahya Zaini S.H.,Komisi IX,,Golkar,110.875,Wakil Ketua Komisi IX DPR RI
402,Jawa Timur VIII,,Muhammad Habibur Rochman S.E.,Komisi II,,NasDem,136.524,
476,Jawa Timur VIII,,Hj. Meitri Citra Wardani S.H.,Komisi XII,,PKS,117.957,
517,Jawa Timur VIII,,Abdul Hakim Bafagih,Komisi VI,,PAN,90.195,
563,Jawa Timur VIII,,Drs. H. Guntur Sasono M.Si.,Komisi IV,,Demokrat,53.73,"Ketua DPR sementara pada sidang paripurna pertama, selaku anggota dewan tertua.[16]"
53,Jawa Timur IX,,"Dr. Hj. Anna Mu'awanah S.E., M.H.",Komisi XI,,PKB,142.636,
54,Jawa Timur IX,,"Hj. Ratna Juwita Sari S.E., M.M.",Komisi XII,,PKB,110.885,
129,Jawa Timur IX,,"Wihadi Wijanto S.H., M.H.",Komisi XI,,Gerindra,94.53,Wakil Ketua Badan Anggaran DPR RI
227,Jawa Timur IX,,"H. Abidin Fikri S.H., M.H.",Komisi VIII,,PDI-P,77.967,Wakil Ketua Komisi VIII DPR RI
332,Jawa Timur IX,,Dra. Hj. Haeny Relawati Rini Widyastuti M.Si.,Komisi VIII,,Golkar,173.444,
333,Jawa Timur IX,,Eko Wahyudi,Komisi IV,,Golkar,119.381,
55,Jawa Timur X,,"Dr. H. Jazilul Fawaid S.Q., M.A.",Komisi III,,PKB,80.974,Wakil Ketua Badan Anggaran DPR RI
130,Jawa Timur X,,H. Khilmi,Komisi VI,,Gerindra,84.11,
228,Jawa Timur X,,H. Nasyirul Falah Amru S.E.,Komisi III,,PDI-P,167.514,
229,Jawa Timur X,,Nila Yani Hardiyanti S.I.Kom.,Komisi VII,,PDI-P,95.681,
334,Jawa Timur X,,Ahmad Labib,Komisi VI,,Golkar,78.174,
403,Jawa Timur X,,"Jiddan S.E., S.H.",Komisi XI,,NasDem,94.377,
56,Jawa Timur XI,,"H. Syafiuddin S.Sos., M.H.",Komisi V,,PKB,207.478,
131,Jawa Timur XI,,"R. H. Imron Amin S.H., M.H.",Komisi XI,,Gerindra,219.778,Wakil Ketua Mahkamah Kehormatan Dewan DPR RI
230,Jawa Timur XI,,M. H. Said Abdullah,Komisi XI,,PDI-P,528.815,Ketua Badan Anggaran DPR RI
231,Jawa Timur XI,,Ansari S.Pd.I.,Komisi VIII,,PDI-P,76.907,
335,Jawa Timur XI,,"Dr. Eric Hermawan M.T., M.M.",Komisi VII,,Golkar,155.619,
404,Jawa Timur XI,,"Willy Aditya S.Fil., M.Ds., M.Sc.",Komisi XIII,,NasDem,142.639,Ketua Komisi XIII DPR RI
518,Jawa Timur XI,,"H. Slamet Ariyadi S.Psi., M.Sos.",Komisi I,,PAN,154.942,
564,Jawa Timur XI,,"H. Hasani Bin Zuber S.IP., M.KP.",Komisi VIII,,Demokrat,236.655,
57,Banten I,,Ahmad Fauzi,Komisi V,,PKB,98.259,
132,Banten I,,"Ali Zamroni S.Sos., M.A.P.",Komisi X,,Gerindra,57.524,
232,Banten I,,Tia Rahmania,,,PDI-P,37.359,[Ket. 49]
232,Banten I,,Bonnie Triyana S.S.,Komisi X,,PDI-P,36.516,[Ket. 50]
336,Banten I,,"Dr. Hj. Adde Rosi Khoerunnisa S.Sos., M.Si.",Komisi X,,Golkar,61.848,
405,Banten I,,Arif Rahman,Komisi IV,,NasDem,46.469,
565,Banten I,,Rizki Aulia Rahman Natakusumah,Komisi I,,Demokrat,141.905,Ketua Badan Urusan Rumah Tangga DPR RI
133,Banten II,,Annisa M. A. Mahesa,Komisi XI,,Gerindra,122.470,"Wakil Ketua DPR sementara pada sidang paripurna pertama, selaku anggota dewan termuda."
233,Banten II,,Sarifah Ainun Jariyah S.I.P.,Komisi I,,PDI-P,83.150,
337,Banten II,,Tubagus Haerul Jaman S.E.,Komisi V,,Golkar,81.362,
406,Banten II,,"Prof. Dr. H. Furtasan Ali Yusuf S.E., S.Kom., M.M.",Komisi X,,NasDem,144.950,
477,Banten II,,Dr. H. Jazuli Juwaini M.A.,Komisi I,,PKS,82.685,
519,Banten II,,H. Edison Sitorus S.T.,Komisi XIII,,PAN,113.815,
58,Banten III,,"Moh. Rano Alfath S.H., M.H.",Komisi III,,PKB,125.853,Wakil Ketua Komisi III DPR RI
134,Banten III,,Prof. H. Sufmi Dasco Ahmad,Komisi III,,Gerindra,119.692,Wakil Ketua DPR-RI
234,Banten III,,Rano Karno,,,PDIP,149.397[18],[Ket. 51]
234,Banten III,,"Yulius Setiarto S.H., M.H.",Komisi I,,PDIP,68.694,[Ket. 52]
235,Banten III,,"Marinus Gea S.E., M.Ak.",Komisi XIII,,PDIP,74.909,
338,Banten III,,Airin Rachmi Diany,,,Golkar,302.878[18],[Ket. 53]
338,Banten III,,Drs. H. Mujakkir Zuhri,Komisi VII,,Golkar,41.707,[Ket. 54]
339,Banten III,,"Andi Achmad Dara S.E., M.AP.",Komisi XI,,Golkar,102.009,Wakil Ketua Badan Akuntabilitas Keuangan Negara DPR RI
407,Banten III,,Dr. H. Wahidin Halim M.Si.,Komisi VIII,,NasDem,104.946,
478,Banten III,,"Habib Idrus Salim Aljufri Lc., M.B.A.",Komisi I,,PKS,184.407,Wakil Ketua Badan Akuntabilitas Keuangan Negara DPR RI
520,Banten III,,"Okta Kumala Dewi S.E., M.Ak.",Komisi I,,PAN,65.106,
566,Banten III,,Zulfikar Hamonangan,Komisi XII,,Demokrat,105.657,
135,Bali,,I Dewa Gde Agung Widiarsana,Komisi XIII,,Gerindra,80.658,
236,Bali,,I Nyoman Parta S.H.,Komisi X,,PDIP,281.688,
237,Bali,,"I Gusti Ngurah Kesuma Kelakan S.T., M.Si.",Komisi VI,,PDIP,218.539,
238,Bali,,"I Wayan Sudirta S.H., M.H.",Komisi III,,PDIP,169.776,
239,Bali,,"I Nyoman Adi Wiryatama S.Sos., M.Si.",Komisi IV,,PDIP,165.374,
240,Bali,,‚Å†I Ketut Kariyasa Adnyana S.P.,Komisi VIII,,PDIP,84.51,
340,Bali,,"Gde Sumarjaya Linggih S.E., M.AP.",Komisi VI,,Golkar,100.747,
408,Bali,,Ir. I Nengah Senantara,Komisi VI,,NasDem,51.563,
567,Bali,,"Ni Putu Tutik Kusuma Wardhani S.M., M.M., M.Kes.",Komisi VI,,Demokrat,54.713,
59,Nusa Tenggara Barat I,,"Mahdalena S.S., M.M.",Komisi VIII,,PKB,173.144,
409,Nusa Tenggara Barat I,,H. Mori Hanafi S.E.,Komisi V,,NasDem,67.727,
479,Nusa Tenggara Barat I,,H. Johan Rosihan S.T.,Komisi IV,,PKS,65.445,
60,Nusa Tenggara Barat II,,H. Lalu Hadrian Irfani S.T.,Komisi X,,PKB,71.941,Wakil Ketua Komisi X DPR RI
136,Nusa Tenggara Barat II,,Apt. Hj. Lale Syifaun Nufus M.Farm.,Komisi VIII,,Gerindra,135.619,
241,Nusa Tenggara Barat II,,Rachmat Hidayat S.H.,Komisi I,,PDI-P,73.679,
341,Nusa Tenggara Barat II,,Ir. Hj. Sari Yuliati M.T.,Komisi III,,Golkar,119.444,Wakil Ketua Komisi III DPR RI
410,Nusa Tenggara Barat II,,"Fauzan Khalid S.Ag., M.Si.",Komisi II,,NasDem,59.569,
480,Nusa Tenggara Barat II,,"H. Abdul Hadi S.E., M.M.",Komisi V,,PKS,78.765,
521,Nusa Tenggara Barat II,,H. M. Muazzim Akbar S.I.P.,Komisi IX,,PAN,48.827,
568,Nusa Tenggara Barat II,,Dr. Ir. H. Nanang Samodra K. A. M.Sc.,Komisi VIII,,Demokrat,60.366,
61,Nusa Tenggara Timur I,,"N. M. Dipo Nusantara P. U. S.H., M.Kn.",Komisi XII,,PKB,73.249,
242,Nusa Tenggara Timur I,,Dr. Andreas Hugo Pareira,Komisi XIII,,PDI-P,173.295,Wakil Ketua Komisi XIII DPR RI
342,Nusa Tenggara Timur I,,Melchias Marcus Mekeng M.H.,Komisi XI,,Golkar,67.809,
411,Nusa Tenggara Timur I,,Julie Sutrisno Laiskodat,Komisi XI,,NasDem,57.522,
522,Nusa Tenggara Timur I,,Ahmad Yohan M.Si.,Komisi IV,,PAN,84.103,Wakil Ketua Komisi IV DPR RI
569,Nusa Tenggara Timur I,,Dr. Benny Kabur Harman S.H.,Komisi III,,Demokrat,79.335,
62,Nusa Tenggara Timur II,,Usman Husin,Komisi IV,,PKB,29.886,
137,Nusa Tenggara Timur II,,Ir. Esthon L. Foenay M.Si.,Komisi II,,Gerindra,43.115,
243,Nusa Tenggara Timur II,,Yohanis Fransiskus Lema,,,PDI-P,72.833,[Ket. 55]
243,Nusa Tenggara Timur II,,Stevano Rizki Adranacus,Komisi III,,PDI-P,46.673,[Ket. 56]
343,Nusa Tenggara Timur II,,Emanuel Melkiades Laka Lena,,,Golkar,95.138,[Ket. 57]
343,Nusa Tenggara Timur II,,"Dr. Umbu Kabunang Rudi Yanto Hunga S.H., M.H.",Komisi XIII,,Golkar,31.468,[Ket. 58]
344,Nusa Tenggara Timur II,,Gavriel Putranto Novanto,Komisi I,,Golkar,58.176,
412,Nusa Tenggara Timur II,,Ratu Ngadu Bonu Wulla S.T.,,,NasDem,76.331,[Ket. 59]
412,Nusa Tenggara Timur II,,"Dr. Viktor Bungtilu Laiskodat S.H., M.Si.",Komisi I,,NasDem,65.359,[Ket. 60]
570,Nusa Tenggara Timur II,,Anita Jacoba Gah,Komisi X,,Demokrat,131.396,
63,Kalimantan Barat I,,Daniel Johan,Komisi IV,,PKB,63.946,
138,Kalimantan Barat I,,Yuliansyah S.E.,Komisi V,,Gerindra,74.405,
244,Kalimantan Barat I,,Drs. Cornelis M.H.,Komisi XII,,PDI-P,158.088,
245,Kalimantan Barat I,,"Maria Lestari S.Pd., M.H.",Komisi VII,,PDI-P,82.378,
345,Kalimantan Barat I,,Maman Abdurrahman S.T.,,,Golkar,203.514,[Ket. 61]
345,Kalimantan Barat I,,Franciscus Maria Agustinus Sibarani,Komisi XIII,,Golkar,35.55,[Ket. 62][3]
413,Kalimantan Barat I,,H. Syarief Abdullah Alkadrie S.H.,Komisi V,,NasDem,166.115,Wakil Ketua Badan Anggaran DPR RI
481,Kalimantan Barat I,,"H. Alifudin S.E., M.M.",Komisi IX,,PKS,50.391,
523,Kalimantan Barat I,,Boyman Harun S.H.,Komisi V,,PAN,83.769,
246,Kalimantan Barat II,,"Lasarus S.Sos., M.Si.",Komisi V,,PDI-P,201.475,Ketua Komisi V DPR RI
247,Kalimantan Barat II,,"Paolus Hadi S.IP., M.Si.",Komisi IV,,PDI-P,64.616,
346,Kalimantan Barat II,,Dr. Drs. Adrianus Asia Sidot M.Si.,Komisi IV,,Golkar,40.806,
414,Kalimantan Barat II,,Gulam Mohamad Sharon,Komisi XII,,NasDem,101.214,
139,Kalimantan Tengah,,H. Iwan Kurniawan,Komisi II,,Gerindra,38.802,
248,Kalimantan Tengah,,Agustiar Sabran,,,PDI-P,97.772[20],[Ket. 63]
248,Kalimantan Tengah,,"Sigit Karyawan Yunianto S.H., M.A.P.",Komisi XII,,PDI-P,43.684,[Ket. 64]
347,Kalimantan Tengah,,Drs. Mukhtarudin,Komisi XII,,Golkar,92.192,
415,Kalimantan Tengah,,Andina Thresia Narang B.Comm.,Komisi I,,NasDem,41.298,
524,Kalimantan Tengah,,Muhammad Syauqie S.Hut.,Komisi V,,PAN,106.516,
571,Kalimantan Tengah,,Nadalsyah,,,Demokrat,92.311[20],[Ket. 65]
571,Kalimantan Tengah,,"Bambang Purwanto S.ST, M.H.",Komisi IV,,Demokrat,28.793,[Ket. 66]
140,Kalimantan Selatan I,,Muhammad Rofiqi S.H.,Komisi III,,Gerindra,42.577,
348,Kalimantan Selatan I,,"Drs. H. Bambang Heri Purnama S.T., S.H., M.H.",Komisi I,,Golkar,161.985,
349,Kalimantan Selatan I,,"Sandi Fitrian Noor S.T., M.M.",Komisi VIII,,Golkar,106.724,
416,Kalimantan Selatan I,,"Dr. H. M. Rifqinizamy Karsayuda S.H., M.H.",Komisi II,,NasDem,66.744,Ketua Komisi II DPR RI
482,Kalimantan Selatan I,,Habib Aboe Bakar Al Habsyi S.E.,Komisi III,,PKS,80.688,Wakil Ketua Mahkamah Kehormatan Dewan DPR RI
525,Kalimantan Selatan I,,Ir. Pangeran Khairul Saleh M.M.,Komisi XIII,,PAN,66.198,
141,Kalimantan Selatan II,,"Hj. Mariana S.A.B., M.M.",Komisi IX,,Gerindra,56.949,
350,Kalimantan Selatan II,,Hasnuryadi Sulaiman,,,Golkar,73.489[21],[Ket. 67]
350,Kalimantan Selatan II,,Irjen Pol (Purn.) Drs. Rikwanto M.Hum.,Komisi III,,Golkar,49.936,[Ket. 68]
417,Kalimantan Selatan II,,Rahmat Trianto,,,NasDem,52.476[22],[Ket. 69]
417,Kalimantan Selatan II,,H. Machfud Arifin,Komisi XIII,,NasDem,51.915,[Ket. 70]
526,Kalimantan Selatan II,,"Endang Agustina S.Sos., M.H.",Komisi III,,PAN,116.266,
527,Kalimantan Selatan II,,Sudian Noor,Komisi VIII,,PAN,103.365,
64,Kalimantan Timur,,Syafruddin S.Pd.,Komisi XII,,PKB,86.064,
142,Kalimantan Timur,,G. Budisatrio Djiwandono,Komisi I,,Gerindra,131.569,Wakil Ketua Komisi I DPR RI
249,Kalimantan Timur,,Drs. Safaruddin M.I.Kom.,Komisi III,,PDI-P,68.314,
351,Kalimantan Timur,,Rudy Mas'ud,,,Golkar,168.818[24],[Ket. 71]
351,Kalimantan Timur,,Hj. Sarifah Suraidah,Komisi VI,,Golkar,71.496,[Ket. 72]
352,Kalimantan Timur,,Dr. Ir. Hetifah Sjaifudian M.P.P.,Komisi X,,Golkar,146.062,Ketua Komisi X DPR RI
418,Kalimantan Timur,,Nabil Husien Said Amin Alrasydi,Komisi III,,NasDem,82.033,
483,Kalimantan Timur,,K. H. Aus Hidayat Nur,Komisi II,,PKS,34.969,
528,Kalimantan Timur,,"Edi Oloan Pasaribu S.T., M.M.",Komisi II,,PAN,34.129,
143,Kalimantan Utara,,Hj. Rahmawati S.H.,Komisi VII,,Gerindra,78.168,
250,Kalimantan Utara,,Ir. Deddy Yevri Hanteru Sitorus M.A.,Komisi II,,PDI-P,59.335,
572,Kalimantan Utara,,Drs. Hasan Saleh,Komisi IV,,Demokrat,28.813,
144,Sulawesi Utara,,Christovel Liempepas,,,Gerindra,33.258,[Ket. 73]
144,Sulawesi Utara,,Martin Daniel Tumbeleka,Komisi III,,Gerindra,27.24,[Ket. 74]
251,Sulawesi Utara,,Rio Alexander Jeremia Dondokambey B.Sc.,Komisi XI,,PDI-P,194.209,
252,Sulawesi Utara,,Dra. Yasti Soepredjo Mokoagow,Komisi V,,PDI-P,85.091,
353,Sulawesi Utara,,Christiany Eugenia Paruntu,Komisi XII,,Golkar,88.52,
419,Sulawesi Utara,,Felly Estelita Runtuwene S.E.,Komisi IX,,NasDem,52.889,Ketua Komisi IX DPR RI
573,Sulawesi Utara,,"Dr. Hillary Brigitta Lasut S.H., LL.M.",Komisi XI,,Demokrat,310.78,
145,Sulawesi Tengah,,Drs. H. Longki Djanggola M.Si.,Komisi II,,Gerindra,113.826,
253,Sulawesi Tengah,,Matindas Janusanti Rumambi S.Sos.,Komisi VIII,,PDI-P,62.814,
354,Sulawesi Tengah,,H. Muhidin Mohamad Said,Komisi XI,,Golkar,154.301,Wakil Ketua Badan Anggaran DPR RI
355,Sulawesi Tengah,,Ir. Beniyanto S.T.,Komisi VII,,Golkar,90.078,
420,Sulawesi Tengah,,"Dr. Hj. Nilam Sari Lawira S.P., M.P.",Komisi X,,NasDem,178.791,
529,Sulawesi Tengah,,"Dr. Sarifuddin Sudding S.H., M.H.",Komisi III,,PAN,43.318,
574,Sulawesi Tengah,,Anwar Hafid,,,Demokrat,121.524,[Ket. 75]
574,Sulawesi Tengah,,Ellen Esther Pelealu S.E.,Komisi IV,,Demokrat,42.741,[Ket. 76]
65,Sulawesi Selatan I,,"Dr. H. Syamsu Rizal M. I. S.Sos., M.Si.",Komisi I,,PKB,48.794,
146,Sulawesi Selatan I,,Dr. H. Azikin Solthan M.Si.,Komisi VII,,Gerindra,54.667,
254,Sulawesi Selatan I,,Ridwan Andi Wittiri S.H.,Komisi XII,,PDI-P,80.364,
356,Sulawesi Selatan I,,Drs. Hamka B. Kady M.S.,Komisi V,,Golkar,119.558,
421,Sulawesi Selatan I,,Fatmawati Rusdi,,,NasDem,106.806,[Ket. 77]
421,Sulawesi Selatan I,,"H. Achmad Dg. Sere S.Sos., M.A.P.",Komisi VII,,NasDem,19.071,[Ket. 78]
422,Sulawesi Selatan I,,Rudianto Lallo S.H.,Komisi III,,NasDem,97.597,
484,Sulawesi Selatan I,,"Hj. Meity Rahmatia S.E., S.Pd., M.M.",Komisi XIII,,PKS,97.783,
530,Sulawesi Selatan I,,Drs. H. Ashabul Kahfi M.Ag.,Komisi IX,,PAN,92.606,
66,Sulawesi Selatan II,,Drs. H. Andi Muawiyah Ramly M.Si.,Komisi X,,PKB,47.524,
147,Sulawesi Selatan II,,Andi Amar Ma'ruf Sulaiman S.E.,Komisi III,,Gerindra,187.919,
148,Sulawesi Selatan II,,"H. Andi Iwan Darmawan Aras S.E., M.Si.",Komisi V,,Gerindra,161.56,Wakil Ketua Komisi V DPR RI
357,Sulawesi Selatan II,,A. M. Nurdin Halid,Komisi VI,,Golkar,70.681,Wakil Ketua Komisi VI DPR RI
358,Sulawesi Selatan II,,"Dr. H. M. Taufan Pawe S.H., M.H.",Komisi II,,Golkar,57.955,
423,Sulawesi Selatan II,,Teguh Iswara Suardi,Komisi V,,NasDem,60.232,
485,Sulawesi Selatan II,,Ismail,Komisi VI,,PKS,63.688,
531,Sulawesi Selatan II,,Dr. Hj. Andi Yuliani Paris,Komisi XI,,PAN,122.929,
575,Sulawesi Selatan II,,Andi Muzakkir Aqil,Komisi III,,Demokrat,50.935,
149,Sulawesi Selatan III,,Unru Baso,Komisi VI,,Gerindra,88.683,
150,Sulawesi Selatan III,,Ir. H. La Tinro La Tunrung,Komisi X,,Gerindra,73.6,
359,Sulawesi Selatan III,,Muhammad Fauzi S.E.,,,Golkar,99.69,[Ket. 79]
359,Sulawesi Selatan III,,Agustina Mangande,Komisi II,,Golkar,61.394,[Ket. 80]
424,Sulawesi Selatan III,,H. Rusdi Masse Mappasessu,Komisi III,,NasDem,161.301,
425,Sulawesi Selatan III,,Eva Stevany Rataba S.H.,Komisi X,,NasDem,73.91,
532,Sulawesi Selatan III,,Drs. H. Muslimin Bando M.Pd.,Komisi X,,PAN,78.578,
576,Sulawesi Selatan III,,Irjen. Pol. (Purn.) Drs. Frederik Kalalembang,Komisi I,,Demokrat,51.664,
67,Sulawesi Tenggara,,"Jaelani S.IP., M.Si.",Komisi IV,,PKB,116.426,
151,Sulawesi Tenggara,,Bahtra S.PWK.,Komisi II,,Gerindra,85.596,Wakil Ketua Komisi II DPR RI
255,Sulawesi Tenggara,,"H. Ahmad Safei S.H., M.H.",Komisi IX,,PDI-P,58.466,
360,Sulawesi Tenggara,,Ir. Ridwan Bae,Komisi V,,Golkar,84.44,Wakil Ketua Komisi V DPR RI
426,Sulawesi Tenggara,,Tina Nur Alam,,,NasDem,68.683,[Ket. 81]
426,Sulawesi Tenggara,,H. Ali Mazi S.H.,Komisi XIII,,NasDem,68.099,[Ket. 82]
577,Sulawesi Tenggara,,Rusda Mahmud,Komisi II,,Demokrat,62.078,
152,Gorontalo,,"Elnino M. Husein Mohi S.T., M.Si.",Komisi I,,Gerindra,126.129,
361,Gorontalo,,Drs. H. Rusli Habibie M.A.P.,Komisi XII,,Golkar,95.379,
427,Gorontalo,,Dr. (H.C.) H. Rachmad Gobel,Komisi VI,,NasDem,195.322,
256,Sulawesi Barat,,Dr. Ir. H. Agus Ambo Djiwa M.P.,Komisi IV,,PDI-P,64.731,
428,Sulawesi Barat,,Ratih Megasari Singkarru M.Sc.,Komisi X,,NasDem,122.194,
533,Sulawesi Barat,,Ajbar S.P.,Komisi IV,,PAN,60.785,
578,Sulawesi Barat,,Suhardi Duka,,,Demokrat,85.42,[Ket. 83]
578,Sulawesi Barat,,Muhammad Zulfikar Suhardi S.IP.,Komisi VII,,Demokrat,11.593,[Ket. 84]
153,Maluku,,Hendrik Lewerissa,,,Gerindra,99.911[27],[Ket. 85]
153,Maluku,,F. Alimudin Kolatlena,Komisi VIII,,Gerindra,12.639,[Ket. 86]
257,Maluku,,Mercy Chriesty Barends S.T.,Komisi X,,PDI-P,100.703,
486,Maluku,,Saadiah Uluputty S.T.,Komisi IV,,PKS,93.119,
534,Maluku,,Widya Pratiwi,Komisi III,,PAN,163.315,
258,Maluku Utara,,"Irine Yusiana Roba Putri S.Sos., M.Comn&MediaSt.",Komisi V,,PDI-P,105.137,Wakil Ketua Badan Kerjasama Antar Parlemen DPR RI
362,Maluku Utara,,Alien Mus S.Sos.,Komisi IV,,Golkar,70.595,
487,Maluku Utara,,Izzuddin Alqassam Kasuba,Komisi VII,,PKS,32.424,
154,Papua,,"Yan Permenas Mandenas S.Sos., M.Si.",Komisi XIII,,Gerindra,80.844,
259,Papua,,Benhur Tomi Mano,,,PDI-P,154.548[28],[Ket. 87]
259,Papua,,Ruth Naomi Rumkabu,Komisi I,,PDI-P,51.729,[Ket. 88]
429,Papua,,Tonny Tesar S.Sos.,Komisi VII,,NasDem,66.722,
260,Papua Barat,,Obet Rumbruren,Komisi IX,,PDI-P,19.638,
363,Papua Barat,,drg. Alfons Manibui,Komisi XII,,Golkar,41.782,
430,Papua Barat,,Cheroline Chrisye Makalew,Komisi XII,,NasDem,25.309,
68,Papua Selatan,,Kristosimus Yohanes Agawemu,,,PKB,19.267,[Ket. 89]
68,Papua Selatan,,Indrajaya S.E.,Komisi II,,PKB,18.169,[Ket. 90]
261,Papua Selatan,,Edoardus Kaize,Komisi IV,,PDI-P,42.822,
431,Papua Selatan,,Dr. (H.C.) H. Sulaeman L. Hamzah,Komisi IV,,NasDem,26.255,
262,Papua Tengah,,"Kamarudin Watubun S.H., M.H.",Komisi II,,PDI-P,278.024,
364,Papua Tengah,,"Dr. Soedeson Tandra S.H., M.Hum.",Komisi III,,Golkar,197.995,
432,Papua Tengah,,"Natalis Tabuni S.S., M.Si.",,,NasDem,154.117,[Ket. 91]
432,Papua Tengah,,"Arjuna Sakir S.E., M.M.",Komisi VII,,NasDem,1.72,[Ket. 92]
263,Papua Pegunungan,,John Wempi Wetipo,,,PDI-P,163.775[29],[Ket. 93]
263,Papua Pegunungan,,Arif Riyanto Uopdana S.T.,Komisi XII,,PDI-P,34.235,[Ket. 94]
433,Papua Pegunungan,,Roberth Rouw,Komisi V,,NasDem,259.063,Wakil Ketua Komisi V DPR RI
535,Papua Pegunungan,,Paulus Ubruangge,Komisi IX,,PAN,94.823,
365,Papua Barat Daya,,Robert Joppy Kardinal S.A.B.,Komisi IV,,Golkar,53.578,
434,Papua Barat Daya,,Rico Sia M.Si.,Komisi VII,,NasDem,32.926,
579,Papua Barat Daya,,Faujia Helga Br. Tampubolon,Komisi VI,,Demokrat,35.856,
