No. Anggota,Daerah pemilihan,Nama,Jenis Kelamin,Komisi,Fraksi,Jabatan,Provinsi,Koalisi
1,Aceh I,"H. Irmawan S.Sos., M.M.",Laki-Laki,Komisi V,PKB,-,Aceh,Oposisi
155,Aceh I,"Jamaluddin Idham S.H., M.H.",Laki-Laki,Komisi XIII,PDI-P,-,Aceh,Oposisi
264,Aceh I,Drs. H. T. Zulkarnaini Ampon Bang,Laki-Laki,Komisi VII,Golkar,-,Aceh,Koalisi Pemerintah
366,Aceh I,"H. Muslim Ayub S.H., M.M.",Laki-Laki,Komisi XIII,NasDem,-,Aceh,Oposisi
435,Aceh I,Ghufran,Laki-Laki,Komisi VI,PKS,-,Aceh,Oposisi
488,Aceh I,H. Nazaruddin Dek Gam,Laki-Laki,Komisi III,PAN,Ketua Mahkamah Kehormatan Dewan DPR RI,Aceh,Koalisi Pemerintah
536,Aceh I,"H. T. Ibrahim S.T., M.M.",Laki-Laki,Komisi XIII,Demokrat,-,Aceh,Koalisi Pemerintah
2,Aceh II,H. Ruslan Daud,Laki-Laki,Komisi V,PKB,-,Aceh,Oposisi
69,Aceh II,Ir. H. T. A. Khalid M.M.,Laki-Laki,Komisi IV,Gerindra,-,Aceh,Koalisi Pemerintah
265,Aceh II,H. Ilham Pangestu,Laki-Laki,Komisi V,Golkar,Wakil Ketua Badan Urusan Rumah Tangga DPR RI,Aceh,Koalisi Pemerintah
266,Aceh II,Samsul Bahri Tiyong,Laki-Laki,Komisi XIII,Golkar,-,Aceh,Koalisi Pemerintah
367,Aceh II,Irsan Sosiawan M.B.A.,Laki-Laki,Komisi XII,NasDem,-,Aceh,Oposisi
436,Aceh II,M. Nasir Djamil M.Si.,Laki-Laki,Komisi III,PKS,-,Aceh,Oposisi
3,Sumatera Utara I,Ashari Tambunan,Laki-Laki,Komisi VIII,PKB,-,Sumatera Utara,Oposisi
70,Sumatera Utara I,Ade Jona Prasetyo,Laki-Laki,Komisi XII,Gerindra,-,Sumatera Utara,Koalisi Pemerintah
71,Sumatera Utara I,"M. Husni S.E., M.M.",Laki-Laki,Komisi VIII,Gerindra,-,Sumatera Utara,Koalisi Pemerintah
156,Sumatera Utara I,Dr. Sofyan Tan,Laki-Laki,Komisi X,PDI-P,-,Sumatera Utara,Oposisi
157,Sumatera Utara I,"Prof. Dr. Yasonna H. Laoly S.H., M.Sc.",Laki-Laki,Komisi XIII,PDI-P,-,Sumatera Utara,Oposisi
267,Sumatera Utara I,"Dr. H. Musa Rajekshah S.Sos., M.Hum.",Laki-Laki,Komisi V,Golkar,-,Sumatera Utara,Koalisi Pemerintah
268,Sumatera Utara I,"Kombes. Pol. (Purn.) Dr. Maruli Siahaan S.H., M.H.",Laki-Laki,Komisi X,Golkar,-,Sumatera Utara,Koalisi Pemerintah
368,Sumatera Utara I,Prananda Surya Paloh,Laki-Laki,Komisi I,NasDem,-,Sumatera Utara,Oposisi
437,Sumatera Utara I,Ir. H. Tifatul Sembiring,Laki-Laki,Komisi VII,PKS,-,Sumatera Utara,Oposisi
537,Sumatera Utara I,Muhammad Lokot Nasution S.T.,Laki-Laki,Komisi V,Demokrat,-,Sumatera Utara,Koalisi Pemerintah
4,Sumatera Utara II,H. Marwan Dasopang M.Si.,Laki-Laki,Komisi VIII,PKB,Ketua Komisi VIII DPR RI,Sumatera Utara,Oposisi
72,Sumatera Utara II,Sabam Rajagukguk,Laki-Laki,Komisi IV,Gerindra,-,Sumatera Utara,Koalisi Pemerintah
158,Sumatera Utara II,Drs. Rapidin Simbolon M.M.,Laki-Laki,Komisi XIII,PDI-P,-,Sumatera Utara,Oposisi
159,Sumatera Utara II,Sihar P. H. Sitorus,Laki-Laki,Komisi IX,PDI-P,-,Sumatera Utara,Oposisi
269,Sumatera Utara II,Lamhot Sinaga,Laki-Laki,Komisi VII,Golkar,Wakil Ketua Komisi VII DPR RI,Sumatera Utara,Koalisi Pemerintah
270,Sumatera Utara II,"Andar Amin Harahap S.STP., M.Si.",Laki-Laki,Komisi II,Golkar,-,Sumatera Utara,Koalisi Pemerintah
271,Sumatera Utara II,Trinovi Khairani B.A.,Perempuan,Komisi I,Golkar,-,Sumatera Utara,Koalisi Pemerintah
369,Sumatera Utara II,"Martin Manurung S.E., M.A.",Laki-Laki,Komisi XI,NasDem,Wakil Ketua Badan Legislasi DPR RI,Sumatera Utara,Oposisi
489,Sumatera Utara II,"Dr. Saleh Partaonan Daulay M.Ag., M.Hum., M.A.",Laki-Laki,Komisi VII,PAN,Ketua Komisi VII DPR RI,Sumatera Utara,Koalisi Pemerintah
538,Sumatera Utara II,Sabam Sinaga,Laki-Laki,Komisi X,Demokrat,-,Sumatera Utara,Koalisi Pemerintah
73,Sumatera Utara III,"Sugiat Santoso S.E., M.S.P.",Laki-Laki,Komisi XIII,Gerindra,Wakil Ketua Komisi XIII DPR RI,Sumatera Utara,Koalisi Pemerintah
160,Sumatera Utara III,Bob Andika Mamana Sitepu,Laki-Laki,Komisi II,PDI-P,-,Sumatera Utara,Oposisi
161,Sumatera Utara III,Bane Raja Manalu,Laki-Laki,Komisi VII,PDI-P,-,Sumatera Utara,Oposisi
272,Sumatera Utara III,H. Ahmad Doli Kurnia Tandjung,Laki-Laki,Komisi II,Golkar,Wakil Ketua Badan Legislasi DPR RI,Sumatera Utara,Koalisi Pemerintah
273,Sumatera Utara III,Delia Pratiwi Br. Sitepu S.H.,Perempuan,Komisi IX,Golkar,-,Sumatera Utara,Koalisi Pemerintah
274,Sumatera Utara III,"Mangihut Sinaga S.H., M.H.",Laki-Laki,Komisi III,Golkar,-,Sumatera Utara,Koalisi Pemerintah
370,Sumatera Utara III,Rudi Hartono Bangun S.E.,Laki-Laki,Komisi VI,NasDem,-,Sumatera Utara,Oposisi
438,Sumatera Utara III,H. Ansory Siregar,Laki-Laki,Komisi VIII,PKS,Wakil Ketua Komisi VIII DPR RI,Sumatera Utara,Oposisi
490,Sumatera Utara III,Nasril Bahar S.E.,Laki-Laki,Komisi VI,PAN,-,Sumatera Utara,Koalisi Pemerintah
539,Sumatera Utara III,"Dr. Hinca I. P. Pandjaitan XIII S.H., M.H., ACCS.",Laki-Laki,Komisi III,Demokrat,-,Sumatera Utara,Koalisi Pemerintah
5,Sumatera Barat I,Rico Alviano S.T.,Laki-Laki,Komisi XII,PKB,-,Sumatera Barat,Oposisi
74,Sumatera Barat I,Andre Rosiade,Laki-Laki,Komisi VI,Gerindra,Wakil Ketua Komisi VI DPR RI,Sumatera Barat,Koalisi Pemerintah
162,Sumatera Barat I,Alex Indra Lukman S.Sos.,Laki-Laki,Komisi IV,PDI-P,Wakil Ketua Komisi IV DPR RI,Sumatera Barat,Oposisi
275,Sumatera Barat I,"Zigo Rolanda S.E, M.M.",Laki-Laki,Komisi V,Golkar,-,Sumatera Barat,Koalisi Pemerintah
371,Sumatera Barat I,"Dr. Hj. Lisda Hendrajoni S.E., M.M.Tr.",Perempuan,Komisi VIII,NasDem,-,Sumatera Barat,Oposisi
372,Sumatera Barat I,"Ir. M. Shadiq Pasadigoe S.H., M.M.",Laki-Laki,Komisi XIII,NasDem,-,Sumatera Barat,Oposisi
439,Sumatera Barat I,H. Rahmat Saleh S.Farm.,Laki-Laki,Komisi II,PKS,-,Sumatera Barat,Oposisi
491,Sumatera Barat I,Athari Ghauthi Ardi S.H.,Perempuan,Komisi V,PAN,-,Sumatera Barat,Koalisi Pemerintah
75,Sumatera Barat II,"Ade Rezki Pratama S.E., M.M.",Laki-Laki,Komisi IX,Gerindra,-,Sumatera Barat,Koalisi Pemerintah
276,Sumatera Barat II,"H. Benny Utama S.H., M.M.",Laki-Laki,Komisi III,Golkar,-,Sumatera Barat,Koalisi Pemerintah
373,Sumatera Barat II,Cindy Monica Salsabila Setiawan S.M.,Perempuan,Komisi IV,NasDem,-,Sumatera Barat,Oposisi
440,Sumatera Barat II,Nevi Zuairina,Perempuan,Komisi XII,PKS,-,Sumatera Barat,Oposisi
492,Sumatera Barat II,H. Arisal Aziz,Laki-Laki,Komisi XIII,PAN,-,Sumatera Barat,Koalisi Pemerintah
540,Sumatera Barat II,Ir. H. Mulyadi,Laki-Laki,Komisi XII,Demokrat,-,Sumatera Barat,Koalisi Pemerintah
6,Riau I,Iyeth Bustami,Perempuan,Komisi XII,PKB,-,Riau,Oposisi
76,Riau I,Muhammad Rahul S.H.,Laki-Laki,Komisi III,Gerindra,-,Riau,Koalisi Pemerintah
163,Riau I,Hj. Dewi Juliani S.H.,Perempuan,Komisi III,PDI-P,-,Riau,Oposisi
277,Riau I,dr. Maharani M.M.,Perempuan,Komisi IX,Golkar,-,Riau,Koalisi Pemerintah
278,Riau I,"Dr. Hj. Karmila Sari S.Kom, M.M.",Perempuan,Komisi X,Golkar,-,Riau,Koalisi Pemerintah
441,Riau I,H. Hendry Munief M.B.A.,Laki-Laki,Komisi VII,PKS,-,Riau,Oposisi
541,Riau I,Dr. H. Achmad M.Si.,Laki-Laki,Komisi VIII,Demokrat,-,Riau,Koalisi Pemerintah
7,Riau II,H. Mafirion,Laki-Laki,Komisi XIII,PKB,-,Riau,Oposisi
77,Riau II,Muhammad Rohid,Laki-Laki,Komisi XII,Gerindra,-,Riau,Koalisi Pemerintah
164,Riau II,Hj. Siti Aisyah,Perempuan,Komisi XIII,PDI-P,-,Riau,Oposisi
279,Riau II,"Yulisman S.Si., M.M.",Laki-Laki,Komisi III,Golkar,-,Riau,Koalisi Pemerintah
442,Riau II,"Dr. Syahrul Aidi Maazat Lc., M.A.",Laki-Laki,Komisi V,PKS,-,Riau,Oposisi
493,Riau II,Ir. H. Sahidin,Laki-Laki,Komisi II,PAN,-,Riau,Koalisi Pemerintah
8,Jambi,Elpisina,Laki-Laki,Komisi XIII,PKB,-,Jambi,Oposisi
78,Jambi,Rocky Candra,Laki-Laki,Komisi XII,Gerindra,-,Jambi,Koalisi Pemerintah
165,Jambi,Edi Purwanto M.Si.,Laki-Laki,Komisi V,PDI-P,-,Jambi,Oposisi
280,Jambi,Drs. H. Cek Endra,Laki-Laki,Komisi XII,Golkar,-,Jambi,Koalisi Pemerintah
281,Jambi,H. Hasan Basri Agus,Laki-Laki,Komisi VIII,Golkar,-,Jambi,Koalisi Pemerintah
374,Jambi,"Dr. H. Syarif Fasha S.E., M.E.",Laki-Laki,Komisi XII,NasDem,-,Jambi,Oposisi
494,Jambi,H. A. Bakri H. M. S.E.,Laki-Laki,Komisi V,PAN,-,Jambi,Koalisi Pemerintah
542,Jambi,H. Zulfikar Achmad,Laki-Laki,Komisi IX,Demokrat,-,Jambi,Koalisi Pemerintah
9,Sumatera Selatan I,H. S. N. Prana Putra Sohe,Laki-Laki,Komisi XIII,PKB,-,Sumatera Selatan,Oposisi
79,Sumatera Selatan I,"Hj. Kartika Sandra Desi S.H., M.M.",Perempuan,Komisi IV,Gerindra,-,Sumatera Selatan,Koalisi Pemerintah
166,Sumatera Selatan I,"Yulian Gunhar S.H., M.H.",Laki-Laki,Komisi XII,PDI-P,-,Sumatera Selatan,Oposisi
282,Sumatera Selatan I,Drs. H. Kahar Muzakir,Laki-Laki,Komisi XI,Golkar,Wakil Ketua MPR RI,Sumatera Selatan,Koalisi Pemerintah
283,Sumatera Selatan I,Yudha Novanza Utama,Laki-Laki,Komisi I,Golkar,-,Sumatera Selatan,Koalisi Pemerintah
375,Sumatera Selatan I,Fauzi H. Amro,Laki-Laki,Komisi XI,NasDem,Wakil Ketua Komisi XI DPR RI,Sumatera Selatan,Oposisi
443,Sumatera Selatan I,Drs. H. Mohd. Iqbal Romzi,Laki-Laki,Komisi X,PKS,-,Sumatera Selatan,Oposisi
543,Sumatera Selatan I,Ir. H. Ishak Mekki M.M.,Laki-Laki,Komisi V,Demokrat,-,Sumatera Selatan,Koalisi Pemerintah
10,Sumatera Selatan II,Bertu Merlas S.T.,Laki-Laki,Komisi XI,PKB,-,Sumatera Selatan,Oposisi
80,Sumatera Selatan II,"Ahmad Wazir Noviadi S.Psi., M.Si.",Laki-Laki,Komisi II,Gerindra,-,Sumatera Selatan,Koalisi Pemerintah
81,Sumatera Selatan II,Ir. Hj. Sri Meliyana,Perempuan,Komisi IX,Gerindra,-,Sumatera Selatan,Koalisi Pemerintah
167,Sumatera Selatan II,"H. M. Giri Ramanda N. Kiemas S.E., M.M.",Laki-Laki,Komisi II,PDI-P,-,Sumatera Selatan,Oposisi
284,Sumatera Selatan II,"Dewi Yustisiana S.H., M.Kn.",Perempuan,Komisi XII,Golkar,-,Sumatera Selatan,Koalisi Pemerintah
376,Sumatera Selatan II,"Irma Suryani S.E., M.M.",Perempuan,Komisi IX,NasDem,-,Sumatera Selatan,Oposisi
444,Sumatera Selatan II,H. Askweni S.Pd.,Laki-Laki,Komisi VIII,PKS,-,Sumatera Selatan,Oposisi
495,Sumatera Selatan II,H. Iskandar S.E.,Laki-Laki,Komisi VI,PAN,-,Sumatera Selatan,Koalisi Pemerintah
544,Sumatera Selatan II,"Wahyu Sanjaya S.E., M.M.",Laki-Laki,Komisi XI,Demokrat,-,Sumatera Selatan,Koalisi Pemerintah
168,Bengkulu,Eko Kurnia Ningsih,Perempuan,Komisi IX,PDI-P,-,Bengkulu,Oposisi
285,Bengkulu,Hj. Derta Rohidin,Perempuan,Komisi VIII,Golkar,-,Bengkulu,Koalisi Pemerintah
377,Bengkulu,Erna Sari Dewi S.E.,Perempuan,Komisi VII,NasDem,-,Bengkulu,Oposisi
496,Bengkulu,Hj. Dewi Coryati M.Si.,Perempuan,Komisi X,PAN,-,Bengkulu,Koalisi Pemerintah
11,Lampung I,"Dr. H. Muhammad Kadafi S.H., M.H.",Laki-Laki,Komisi X,PKB,-,Lampung,Oposisi
82,Lampung I,H. Ahmad Muzani,Laki-Laki,Komisi I,Gerindra,Ketua MPR RI,Lampung,Koalisi Pemerintah
83,Lampung I,"Ruby Chairani Syiffadia B.A. (Hons), M.Sc.",Perempuan,Komisi X,Gerindra,-,Lampung,Koalisi Pemerintah
169,Lampung I,Drs. Mukhlis Basri,Laki-Laki,Komisi V,PDI-P,-,Lampung,Oposisi
170,Lampung I,Sudin S.E.,Laki-Laki,Komisi III,PDI-P,-,Lampung,Oposisi
286,Lampung I,Rycko Menoza M.B.A.,Laki-Laki,Komisi VII,Golkar,-,Lampung,Koalisi Pemerintah
378,Lampung I,"Rahmawati Herdian S.H., M.Kn.",Perempuan,Komisi IX,NasDem,-,Lampung,Oposisi
445,Lampung I,Dr. Al Muzzammil Yusuf M.Si.,Laki-Laki,Komisi XIII,PKS,-,Lampung,Oposisi
497,Lampung I,Putri Zulkifli Hasan,Perempuan,Komisi XII,PAN,Wakil Ketua Komisi XII DPR RI,Lampung,Koalisi Pemerintah
545,Lampung I,H. Zulkifli Anwar,Laki-Laki,Komisi II,Demokrat,-,Lampung,Koalisi Pemerintah
12,Lampung II,Hj. Chusnunia M.Si.,Perempuan,Komisi VII,PKB,Wakil Ketua Komisi VII DPR RI,Lampung,Oposisi
84,Lampung II,Ir. Dwita Ria Gunadi,Perempuan,Komisi IV,Gerindra,-,Lampung,Koalisi Pemerintah
85,Lampung II,"Dr. Bob Hasan S.H., M.H.",Laki-Laki,Komisi III,Gerindra,Ketua Badan Legislasi DPR RI,Lampung,Koalisi Pemerintah
171,Lampung II,drh. I Ketut Suwendra M.M.,Laki-Laki,Komisi IV,PDI-P,-,Lampung,Oposisi
287,Lampung II,Ir. Hanan A. Rozak M.S.,Laki-Laki,Komisi IV,Golkar,-,Lampung,Koalisi Pemerintah
288,Lampung II,H. Aprozi Alam S.E.,Laki-Laki,Komisi VIII,Golkar,-,Lampung,Koalisi Pemerintah
379,Lampung II,Tamanuri,Laki-Laki,Komisi V,NasDem,-,Lampung,Oposisi
446,Lampung II,Dr. Ir. H. A. Junaidi Auly M.M.,Laki-Laki,Komisi XI,PKS,-,Lampung,Oposisi
498,Lampung II,"Irham Jafar Lan Putra S.Hut., M.H.",Laki-Laki,Komisi IV,PAN,-,Lampung,Koalisi Pemerintah
546,Lampung II,Marwan Cik Asan,Laki-Laki,Komisi XI,Demokrat,-,Lampung,Koalisi Pemerintah
86,Kepulauan Bangka Belitung,Hj. Melati S.H.,Perempuan,Komisi XIII,Gerindra,-,Kepulauan Bangka Belitung,Koalisi Pemerintah
172,Kepulauan Bangka Belitung,Ir. Rudianto Tjen,Laki-Laki,Komisi I,PDI-P,-,Kepulauan Bangka Belitung,Oposisi
289,Kepulauan Bangka Belitung,"Bambang Patijaya S.E., M.M.",Laki-Laki,Komisi XII,Golkar,Ketua Komisi XII DPR RI,Kepulauan Bangka Belitung,Koalisi Pemerintah
87,Kepulauan Riau,Ir. H. M. Endipat Wijaya M.M.,Laki-Laki,Komisi I,Gerindra,Wakil Ketua Badan Akuntabilitas Keuangan Negara DPR RI,Kepulauan Riau,Koalisi Pemerintah
173,Kepulauan Riau,Mayjen. TNI (Purn.) Sturman Panjaitan S.H.,Laki-Laki,Komisi IV,PDI-P,Wakil Ketua Badan Legislasi DPR RI,Kepulauan Riau,Oposisi
290,Kepulauan Riau,Rizki Faisal,Laki-Laki,Komisi VI,Golkar,-,Kepulauan Riau,Koalisi Pemerintah
380,Kepulauan Riau,Randi Zulmariadi S.M.,Laki-Laki,Komisi VI,NasDem,-,Kepulauan Riau,Oposisi
13,DKI Jakarta I,H. Hasbiallah Ilyas,Laki-Laki,Komisi III,PKB,-,DKI Jakarta,Oposisi
88,DKI Jakarta I,"Dr. Habiburokhman S.H., M.H.",Laki-Laki,Komisi III,Gerindra,Ketua Komisi III DPR RI,DKI Jakarta,Koalisi Pemerintah
174,DKI Jakarta I,Putra Nababan,Laki-Laki,Komisi VII,PDI-P,-,DKI Jakarta,Oposisi
447,DKI Jakarta I,Dr. H. Mardani Ali Sera M.Eng.,Laki-Laki,Komisi II,PKS,Ketua Badan Kerjasama Antar Parlemen DPR RI,DKI Jakarta,Oposisi
448,DKI Jakarta I,Dr. Hj. Anis Byarwati,Perempuan,Komisi XI,PKS,-,DKI Jakarta,Oposisi
499,DKI Jakarta I,H. Eko Hendro Purnomo S.Sos.,Laki-Laki,Komisi VI,PAN,Wakil Ketua Komisi VI DPR RI,DKI Jakarta,Koalisi Pemerintah
14,DKI Jakarta II,Dr. Hj. Ida Fauziyah M.Si.,Perempuan,Komisi VI,PKB,-,DKI Jakarta,Oposisi
89,DKI Jakarta II,"Hj. Himmatul Aliyah S.Sos., M.Si.",Perempuan,Komisi X,Gerindra,Wakil Ketua Komisi X DPR RI,DKI Jakarta,Koalisi Pemerintah
175,DKI Jakarta II,Once Mekel S.H.,Laki-Laki,Komisi X,PDI-P,-,DKI Jakarta,Oposisi
291,DKI Jakarta II,"Abraham Sridjaja S.H., M.H., C.L.A.",Laki-Laki,Komisi I,Golkar,-,DKI Jakarta,Koalisi Pemerintah
449,DKI Jakarta II,Dr. H. M. Hidayat Nur Wahid M.A.,Laki-Laki,Komisi VIII,PKS,Wakil Ketua MPR RI,DKI Jakarta,Oposisi
450,DKI Jakarta II,Dr. Hj. Kurniasih Mufidayati M.Si.,Perempuan,Komisi IX,PKS,-,DKI Jakarta,Oposisi
500,DKI Jakarta II,Surya Utama S.I.P.,Laki-Laki,Komisi IX,PAN,-,DKI Jakarta,Koalisi Pemerintah
90,DKI Jakarta III,Rahayu Saraswati D. Djojohadikusumo,Perempuan,Komisi VII,Gerindra,Wakil Ketua Komisi VII DPR RI,DKI Jakarta,Koalisi Pemerintah
176,DKI Jakarta III,Charles Honoris,Laki-Laki,Komisi IX,PDI-P,Wakil Ketua Komisi IX DPR RI,DKI Jakarta,Oposisi
177,DKI Jakarta III,Prof. Asc. Dr. Darmadi Durianto,Laki-Laki,Komisi VI,PDI-P,-,DKI Jakarta,Oposisi
292,DKI Jakarta III,Erwin Aksa,Laki-Laki,Komisi XI,Golkar,-,DKI Jakarta,Koalisi Pemerintah
381,DKI Jakarta III,"Ahmad Sahroni S.E., M.I.Kom.",Laki-Laki,Komisi III,NasDem,Wakil Ketua Komisi III DPR RI,DKI Jakarta,Oposisi
451,DKI Jakarta III,Drs. H. Adang Daradjatun,Laki-Laki,Komisi III,PKS,-,DKI Jakarta,Oposisi
501,DKI Jakarta III,"Sigit Purnomo S.A.P., S.H.",Laki-Laki,Komisi VIII,PAN,-,DKI Jakarta,Koalisi Pemerintah
547,DKI Jakarta III,Nurwayah S.Pd.,Perempuan,Komisi XII,Demokrat,-,DKI Jakarta,Koalisi Pemerintah
15,Jawa Barat I,Habib Syarief Muhammad,Laki-Laki,Komisi X,PKB,-,Jawa Barat,Oposisi
91,Jawa Barat I,Melly Goeslaw,Perempuan,Komisi X,Gerindra,-,Jawa Barat,Koalisi Pemerintah
178,Jawa Barat I,Junico B. P. Siahaan S.E.,Laki-Laki,Komisi I,PDI-P,-,Jawa Barat,Oposisi
293,Jawa Barat I,"Dr. Hj. Atalia Praratya S.I.P., M.I.Kom.",Perempuan,Komisi VIII,Golkar,-,Jawa Barat,Koalisi Pemerintah
294,Jawa Barat I,Nurul Arifin M.Si.,Perempuan,Komisi I,Golkar,-,Jawa Barat,Koalisi Pemerintah
452,Jawa Barat I,"Hj. Ledia Hanifa A. S.Si., M.Psi.T.",Perempuan,Komisi X,PKS,-,Jawa Barat,Oposisi
548,Jawa Barat I,H. Fathi,Laki-Laki,Komisi XI,Demokrat,-,Jawa Barat,Koalisi Pemerintah
16,Jawa Barat II,H. Cucun Ahmad Syamsurijal,Laki-Laki,Komisi III,PKB,Wakil Ketua DPR-RI,Jawa Barat,Oposisi
17,Jawa Barat II,Asep Romy Romaya,Laki-Laki,Komisi IX,PKB,-,Jawa Barat,Oposisi
92,Jawa Barat II,Rachel Maryam Sayidina,Perempuan,Komisi I,Gerindra,-,Jawa Barat,Koalisi Pemerintah
179,Jawa Barat II,Denny Cagur S.Pd.,Laki-Laki,Komisi X,PDI-P,-,Jawa Barat,Oposisi
295,Jawa Barat II,Ir. H. Anang Susanto Suhendar M.Si.,Laki-Laki,Komisi XIII,Golkar,-,Jawa Barat,Koalisi Pemerintah
296,Jawa Barat II,"Dr. H. Dadang M. Naser S.H., M.I.Pol.",Laki-Laki,Komisi IV,Golkar,-,Jawa Barat,Koalisi Pemerintah
382,Jawa Barat II,Rajiv,Laki-Laki,Komisi IV,NasDem,-,Jawa Barat,Oposisi
453,Jawa Barat II,"Dr. H. Ahmad Heryawan Lc., M.Si.",Laki-Laki,Komisi I,PKS,Wakil Ketua Komisi I DPR RI,Jawa Barat,Oposisi
502,Jawa Barat II,"Ahmad Najib Qodratullah S.E., M.H.",Laki-Laki,Komisi XI,PAN,-,Jawa Barat,Koalisi Pemerintah
549,Jawa Barat II,"Dr. H. Dede Yusuf Macan Effendi S.T., M.I.Pol.",Laki-Laki,Komisi II,Demokrat,Wakil Ketua Komisi II DPR RI,Jawa Barat,Koalisi Pemerintah
18,Jawa Barat III,"Neng Eem Marhamah Zulfa Hiz S.Th.I., M.M.",Perempuan,Komisi XI,PKB,-,Jawa Barat,Oposisi
93,Jawa Barat III,Kamrussamad,Laki-Laki,Komisi XI,Gerindra,-,Jawa Barat,Koalisi Pemerintah
94,Jawa Barat III,"Dr. Ir. Hj. Endang Setyawati Thohari DESS., M.Sc.",Perempuan,Komisi IV,Gerindra,-,Jawa Barat,Koalisi Pemerintah
180,Jawa Barat III,H. Muhamad Abdul Aziz Sefudin,Laki-Laki,Komisi VIII,PDI-P,-,Jawa Barat,Oposisi
297,Jawa Barat III,Isfhan Taufik Munggaran,Laki-Laki,Komisi XIII,Golkar,-,Jawa Barat,Koalisi Pemerintah
298,Jawa Barat III,Ilham Permana,Laki-Laki,Komisi VII,Golkar,-,Jawa Barat,Koalisi Pemerintah
383,Jawa Barat III,Ananda Tohpati N. R.,Laki-Laki,Komisi IV,NasDem,-,Jawa Barat,Oposisi
454,Jawa Barat III,H. Ecky Awal Mucharam,Laki-Laki,Komisi XI,PKS,-,Jawa Barat,Oposisi
503,Jawa Barat III,H. Eddy Soeparno,Laki-Laki,Komisi XII,PAN,Wakil Ketua MPR RI,Jawa Barat,Koalisi Pemerintah
19,Jawa Barat IV,Zainul Munasichin,Laki-Laki,Komisi IX,PKB,-,Jawa Barat,Oposisi
95,Jawa Barat IV,Heri Gunawan,Laki-Laki,Komisi II,Gerindra,-,Jawa Barat,Koalisi Pemerintah
299,Jawa Barat IV,"Hj. Dewi Asmara S.H., M.H.",Perempuan,Komisi XIII,Golkar,Wakil Ketua Komisi XIII DPR RI,Jawa Barat,Koalisi Pemerintah
455,Jawa Barat IV,drh. Slamet,Laki-Laki,Komisi IV,PKS,-,Jawa Barat,Oposisi
504,Jawa Barat IV,"Dr. Hj. Desy Ratnasari S.Psi., M.Si., M.Psi.",Perempuan,Komisi I,PAN,Wakil Ketua Badan Urusan Rumah Tangga DPR RI,Jawa Barat,Koalisi Pemerintah
550,Jawa Barat IV,"Iman Adinugraha S.E., Akt.",Laki-Laki,Komisi VII,Demokrat,-,Jawa Barat,Koalisi Pemerintah
20,Jawa Barat V,Tommy Kurniawan,Laki-Laki,Komisi XI,PKB,-,Jawa Barat,Oposisi
96,Jawa Barat V,Drs. H. Mulyadi M.M.A.,Laki-Laki,Komisi I,Gerindra,-,Jawa Barat,Koalisi Pemerintah
97,Jawa Barat V,Hj. Marlyn Maisarah,Perempuan,Komisi V,Gerindra,-,Jawa Barat,Koalisi Pemerintah
181,Jawa Barat V,Adian Y. Y. Napitupulu S.H.,Laki-Laki,Komisi V,PDI-P,Wakil Ketua Badan Aspirasi Masyarakat DPR RI,Jawa Barat,Oposisi
300,Jawa Barat V,Ravindra Airlangga M.S.,Laki-Laki,Komisi IX,Golkar,Wakil Ketua Badan Kerjasama Antar Parlemen DPR RI,Jawa Barat,Koalisi Pemerintah
384,Jawa Barat V,Asep Wahyuwijaya,Laki-Laki,Komisi VI,NasDem,-,Jawa Barat,Oposisi
456,Jawa Barat V,drh. H. Achmad Ru'yat M.Si.,Laki-Laki,Komisi IX,PKS,-,Jawa Barat,Oposisi
505,Jawa Barat V,"Primus Yustisio S.E., M.A.P.",Laki-Laki,Komisi XI,PAN,-,Jawa Barat,Koalisi Pemerintah
551,Jawa Barat V,H. Anton Sukartono Suratto M.Si.,Laki-Laki,Komisi I,Demokrat,Wakil Ketua Komisi I DPR RI,Jawa Barat,Koalisi Pemerintah
21,Jawa Barat VI,H. Sudjatmiko S.T.,Laki-Laki,Komisi V,PKB,-,Jawa Barat,Oposisi
98,Jawa Barat VI,Ir. H. Nuroji,Laki-Laki,Komisi IX,Gerindra,-,Jawa Barat,Koalisi Pemerintah
182,Jawa Barat VI,Sukur H. Nababan S.T.,Laki-Laki,Komisi IX,PDI-P,-,Jawa Barat,Oposisi
301,Jawa Barat VI,Ranny Fahd Arafiq,Perempuan,Komisi IX,Golkar,-,Jawa Barat,Koalisi Pemerintah
457,Jawa Barat VI,Mahfudz Abdurrahman S.Sos.,Laki-Laki,Komisi X,PKS,Wakil Ketua Komisi X DPR RI,Jawa Barat,Oposisi
458,Jawa Barat VI,"H. Muhammad Kholid S.E., M.Si.",Laki-Laki,Komisi XI,PKS,-,Jawa Barat,Oposisi
22,Jawa Barat VII,Syaiful Huda,Laki-Laki,Komisi V,PKB,Wakil Ketua Komisi V DPR RI,Jawa Barat,Oposisi
99,Jawa Barat VII,Dra. Hj. Wardatul Asriah,Perempuan,Komisi VIII,Gerindra,-,Jawa Barat,Koalisi Pemerintah
100,Jawa Barat VII,drg. Hj. Putih Sari M.Dsc.,Perempuan,Komisi IX,Gerindra,Wakil Ketua Komisi IX DPR RI,Jawa Barat,Koalisi Pemerintah
101,Jawa Barat VII,Obon Tabroni,Laki-Laki,Komisi IX,Gerindra,-,Jawa Barat,Koalisi Pemerintah
183,Jawa Barat VII,Dr. Rieke Diah Pitaloka,Perempuan,Komisi VI,PDI-P,-,Jawa Barat,Oposisi
302,Jawa Barat VII,Puteri Komarudin,Perempuan,Komisi XI,Golkar,-,Jawa Barat,Koalisi Pemerintah
385,Jawa Barat VII,Saan Mustopa,Laki-Laki,Komisi II,NasDem,Wakil Ketua DPR-RI,Jawa Barat,Oposisi
459,Jawa Barat VII,H. Jalal Abdul Nasir Ak.,Laki-Laki,Komisi XII,PKS,-,Jawa Barat,Oposisi
506,Jawa Barat VII,Verrell Bramasta,Laki-Laki,Komisi X,PAN,-,Jawa Barat,Koalisi Pemerintah
552,Jawa Barat VII,dr. Hj. Cellica Nurrachadiana M.H.Kes,Perempuan,Komisi IX,Demokrat,Wakil Ketua Badan Aspirasi Masyarakat DPR RI,Jawa Barat,Koalisi Pemerintah
23,Jawa Barat VIII,H. Dedi Wahidi,Laki-Laki,Komisi X,PKB,-,Jawa Barat,Oposisi
102,Jawa Barat VIII,Kardaya Warnika,Laki-Laki,Komisi VII,Gerindra,-,Jawa Barat,Koalisi Pemerintah
184,Jawa Barat VIII,Prof. Dr. Ir. H. Rokhmin Dahuri M.S.,Laki-Laki,Komisi IV,PDI-P,-,Jawa Barat,Oposisi
185,Jawa Barat VIII,"Hj. Selly Andriany Gantina A.Md., S.T.",Perempuan,Komisi VIII,PDI-P,-,Jawa Barat,Oposisi
303,Jawa Barat VIII,H. Daniel Mutaqien Syafiuddin S.T.,Laki-Laki,Komisi V,Golkar,-,Jawa Barat,Koalisi Pemerintah
304,Jawa Barat VIII,Dave Akbarshah Firkarno M.E.,Laki-Laki,Komisi I,Golkar,Wakil Ketua Komisi I DPR RI,Jawa Barat,Koalisi Pemerintah
386,Jawa Barat VIII,"Satori S.Pd.I., M.M.",Laki-Laki,Komisi VIII,NasDem,-,Jawa Barat,Oposisi
460,Jawa Barat VIII,Dr. Hj. Netty Prasetiyani M.Si.,Perempuan,Komisi IX,PKS,Ketua Badan Aspirasi Masyarakat DPR RI,Jawa Barat,Oposisi
553,Jawa Barat VIII,Dr. Ir. H. E. Herman Khaeron M.Si.,Laki-Laki,Komisi VI,Demokrat,Wakil Ketua Badan Akuntabilitas Keuangan Negara DPR RI,Jawa Barat,Koalisi Pemerintah
24,Jawa Barat IX,K. H. Maman Imanul Haq M.M.,Laki-Laki,Komisi VIII,PKB,-,Jawa Barat,Oposisi
103,Jawa Barat IX,"Dr. H. Jefry Romdonny S.E., S.Sos., M.Si., M.M.",Laki-Laki,Komisi XI,Gerindra,-,Jawa Barat,Koalisi Pemerintah
186,Jawa Barat IX,"Dr. H. Hasanuddin S.E., M.M.",Laki-Laki,Komisi I,PDI-P,Wakil Ketua Mahkamah Kehormatan Dewan DPR RI,Jawa Barat,Oposisi
305,Jawa Barat IX,"Elita Budiati S.K.M., M.Si.",Perempuan,Komisi I,Golkar,-,Jawa Barat,Koalisi Pemerintah
306,Jawa Barat IX,Galih Dimuntur Kartasasmita,Laki-Laki,Komisi XI,Golkar,-,Jawa Barat,Koalisi Pemerintah
387,Jawa Barat IX,"Ujang Bey S.I.P., M.I.P.",Laki-Laki,Komisi II,NasDem,-,Jawa Barat,Oposisi
461,Jawa Barat IX,Ir. H. Ateng Sutisna,Laki-Laki,Komisi II,PKS,-,Jawa Barat,Oposisi
507,Jawa Barat IX,"Farah Puteri Nahlia B.A., M.Sc.",Perempuan,Komisi I,PAN,-,Jawa Barat,Koalisi Pemerintah
25,Jawa Barat X,"Rina Sa'adah Lc., M.Si.",Perempuan,Komisi IV,PKB,-,Jawa Barat,Oposisi
104,Jawa Barat X,H. Rokhmat Ardiyan M.M.,Laki-Laki,Komisi XII,Gerindra,-,Jawa Barat,Koalisi Pemerintah
187,Jawa Barat X,Hj. Ida Nurlaela Wiradinata,Perempuan,Komisi VI,PDI-P,-,Jawa Barat,Oposisi
307,Jawa Barat X,"Dr. Tr. Agun Gunandjar S. Bc.I.P., M.Si.",Laki-Laki,Komisi XIII,Golkar,Wakil Ketua Badan Aspirasi Masyarakat DPR RI,Jawa Barat,Koalisi Pemerintah
388,Jawa Barat X,"Dr. Shohibul Imam CA., CPA.",Laki-Laki,Komisi XI,NasDem,-,Jawa Barat,Oposisi
462,Jawa Barat X,"Dr. K. H. Surahman Hidayat Lc., M.A.",Laki-Laki,Komisi III,PKS,-,Jawa Barat,Oposisi
508,Jawa Barat X,Ir. H. Herry Dermawan,Laki-Laki,Komisi IV,PAN,-,Jawa Barat,Koalisi Pemerintah
26,Jawa Barat XI,Hj. Imas Aan Ubudiah S.Pd.I.,Perempuan,Komisi VI,PKB,-,Jawa Barat,Oposisi
27,Jawa Barat XI,H. Oleh Soleh S.H.,Laki-Laki,Komisi I,PKB,-,Jawa Barat,Oposisi
105,Jawa Barat XI,"Muhammad Husein Fadlulloh B.Bus., M.M., M.B.A.",Laki-Laki,Komisi VI,Gerindra,Wakil Ketua Badan Kerjasama Antar Parlemen DPR RI,Jawa Barat,Koalisi Pemerintah
106,Jawa Barat XI,Mulan Jameela S.S.,Perempuan,Komisi VI,Gerindra,-,Jawa Barat,Koalisi Pemerintah
188,Jawa Barat XI,Dony Maryadi Oekon S.T.,Laki-Laki,Komisi XII,PDI-P,Wakil Ketua Komisi XII DPR RI,Jawa Barat,Oposisi
308,Jawa Barat XI,Ade Ginanjar S.Sos.,Laki-Laki,Komisi II,Golkar,-,Jawa Barat,Koalisi Pemerintah
309,Jawa Barat XI,"Ferdiansyah S.E., M.M.",Laki-Laki,Komisi X,Golkar,-,Jawa Barat,Koalisi Pemerintah
389,Jawa Barat XI,Lola Nelria Oktavia,Perempuan,Komisi III,NasDem,-,Jawa Barat,Oposisi
463,Jawa Barat XI,"H. Mohamad Sohibul Iman M.Sc., Ph.D.",Laki-Laki,Komisi XIII,PKS,-,Jawa Barat,Oposisi
509,Jawa Barat XI,"Muhammad Hoerudin Amin S.Ag., M.H.",Laki-Laki,Komisi X,PAN,-,Jawa Barat,Koalisi Pemerintah
28,Jawa Tengah I,H. Alamuddin Dimyati Rois S.Sos.,Laki-Laki,Komisi IX,PKB,-,Jawa Tengah,Oposisi
107,Jawa Tengah I,Jamal Mirdad,Laki-Laki,Komisi I,Gerindra,-,Jawa Tengah,Koalisi Pemerintah
189,Jawa Tengah I,"Mochamad Herviano Widyatama S.Sos., M.M.",Laki-Laki,Komisi V,PDI-P,-,Jawa Tengah,Oposisi
190,Jawa Tengah I,Samuel J. D. Wattimena,Laki-Laki,Komisi VII,PDI-P,-,Jawa Tengah,Oposisi
310,Jawa Tengah I,Firnando Hadityo Ganinduto B.A.,Laki-Laki,Komisi VI,Golkar,-,Jawa Tengah,Koalisi Pemerintah
390,Jawa Tengah I,Drs. Fadholi,Laki-Laki,Komisi V,NasDem,-,Jawa Tengah,Oposisi
464,Jawa Tengah I,"Dr. H. Muhammad Haris S.S., M.Si.",Laki-Laki,Komisi XII,PKS,-,Jawa Tengah,Oposisi
554,Jawa Tengah I,dr. Raja Faisal Manganju Sitorus,Laki-Laki,Komisi XIII,Demokrat,-,Jawa Tengah,Koalisi Pemerintah
29,Jawa Tengah II,Hj. Hindun Anisah M.A.,Perempuan,Komisi IV,PKB,-,Jawa Tengah,Oposisi
108,Jawa Tengah II,Abdul Wachid,Laki-Laki,Komisi VIII,Gerindra,Wakil Ketua Komisi VIII DPR RI,Jawa Tengah,Koalisi Pemerintah
191,Jawa Tengah II,"Dr. H. Musthofa S.E., M.M.",Laki-Laki,Komisi XI,PDI-P,-,Jawa Tengah,Oposisi
192,Jawa Tengah II,"Gilang Dhielafararez S.H., LL.M.",Laki-Laki,Komisi III,PDI-P,-,Jawa Tengah,Oposisi
311,Jawa Tengah II,Andhika Satya Wasistho,Laki-Laki,Komisi VII,Golkar,-,Jawa Tengah,Koalisi Pemerintah
312,Jawa Tengah II,Jamaludin Malik,Laki-Laki,Komisi XIII,Golkar,-,Jawa Tengah,Koalisi Pemerintah
391,Jawa Tengah II,Lestari Moerdijat,Perempuan,Komisi X,NasDem,Wakil Ketua MPR RI,Jawa Tengah,Oposisi
30,Jawa Tengah III,Marwan Jafar,Laki-Laki,Komisi I,PKB,-,Jawa Tengah,Oposisi
31,Jawa Tengah III,Eva Monalisa,Perempuan,Komisi VII,PKB,-,Jawa Tengah,Oposisi
109,Jawa Tengah III,Danang Wicaksana Sulistya,Laki-Laki,Komisi V,Gerindra,-,Jawa Tengah,Koalisi Pemerintah
193,Jawa Tengah III,"Haryanto S.H., M.M., M.Si.",Laki-Laki,Komisi V,PDI-P,-,Jawa Tengah,Oposisi
194,Jawa Tengah III,"Dr. Evita Nursanty S.H., M.Sc.",Perempuan,Komisi VII,PDI-P,Wakil Ketua Komisi VII DPR RI,Jawa Tengah,Oposisi
195,Jawa Tengah III,"Dr. H. Edy Wuryanto S.Kp., M.Kep.",Laki-Laki,Komisi IX,PDI-P,-,Jawa Tengah,Oposisi
313,Jawa Tengah III,Firman Soebagyo,Laki-Laki,Komisi IV,Golkar,-,Jawa Tengah,Koalisi Pemerintah
392,Jawa Tengah III,"Hj. Sri Wulan S.E., M.M.",Perempuan,Komisi VIII,NasDem,-,Jawa Tengah,Oposisi
555,Jawa Tengah III,"Harmusa Oktaviani S.E., M.H.",Perempuan,Komisi V,Demokrat,-,Jawa Tengah,Koalisi Pemerintah
110,Jawa Tengah IV,Ir. Sriyanto Saputro M.M.,Laki-Laki,Komisi V,Gerindra,-,Jawa Tengah,Koalisi Pemerintah
196,Jawa Tengah IV,Ir. Bambang Wuryanto M.B.A.,Laki-Laki,Komisi XII,PDI-P,Wakil Ketua MPR RI,Jawa Tengah,Oposisi
197,Jawa Tengah IV,Dolfie O. F. P. S.T.,Laki-Laki,Komisi XI,PDI-P,Wakil Ketua Komisi XI DPR RI,Jawa Tengah,Oposisi
198,Jawa Tengah IV,Diah Pikatan O. Putri Haprani,Perempuan,Komisi XI,PDI-P,-,Jawa Tengah,Oposisi
314,Jawa Tengah IV,"Drs. Juliyatmono M.M., M.H.",Laki-Laki,Komisi X,Golkar,-,Jawa Tengah,Koalisi Pemerintah
465,Jawa Tengah IV,Drs. Hamid Noor Yasin M.M.,Laki-Laki,Komisi XIII,PKS,-,Jawa Tengah,Oposisi
556,Jawa Tengah IV,"Rinto Subekti S.E., M.M.",Laki-Laki,Komisi XIII,Demokrat,Wakil Ketua Komisi XIII DPR RI,Jawa Tengah,Koalisi Pemerintah
32,Jawa Tengah V,H. Mohamad Toha M.Si.,Laki-Laki,Komisi II,PKB,-,Jawa Tengah,Oposisi
111,Jawa Tengah V,Adik Sasongko,Laki-Laki,Komisi XIII,Gerindra,-,Jawa Tengah,Koalisi Pemerintah
199,Jawa Tengah V,Puan Maharani,Perempuan,Komisi I,PDI-P,Ketua DPR-RI,Jawa Tengah,Oposisi
200,Jawa Tengah V,Aria Bima,Laki-Laki,Komisi II,PDI-P,Wakil Ketua Komisi II DPR RI,Jawa Tengah,Oposisi
201,Jawa Tengah V,"H. Didik Haryadi S.T., S.H.",Laki-Laki,Komisi XI,PDI-P,-,Jawa Tengah,Oposisi
315,Jawa Tengah V,"H. Singgih Januratmoko S.K.H., M.M.",Laki-Laki,Komisi VIII,Golkar,Wakil Ketua Komisi VIII DPR RI,Jawa Tengah,Koalisi Pemerintah
466,Jawa Tengah V,"Dr. H. Abdul Kharis Almasyhari S.E., M.Si.",Laki-Laki,Komisi IV,PKS,Wakil Ketua Komisi IV DPR RI,Jawa Tengah,Oposisi
510,Jawa Tengah V,Muhammad Hatta,Laki-Laki,Komisi VII,PAN,-,Jawa Tengah,Koalisi Pemerintah
33,Jawa Tengah VI,Abdullah,Laki-Laki,Komisi III,PKB,-,Jawa Tengah,Oposisi
112,Jawa Tengah VI,Azis Subekti M.T.,Laki-Laki,Komisi II,Gerindra,-,Jawa Tengah,Koalisi Pemerintah
202,Jawa Tengah VI,"Vita Ervina S.E., M.B.A.",Perempuan,Komisi XIII,PDI-P,-,Jawa Tengah,Oposisi
203,Jawa Tengah VI,Sofwan Dedy Ardyanto,Laki-Laki,Komisi V,PDI-P,-,Jawa Tengah,Oposisi
316,Jawa Tengah VI,Ir. Panggah Susanto M.M.,Laki-Laki,Komisi IV,Golkar,Wakil Ketua Komisi IV DPR RI,Jawa Tengah,Koalisi Pemerintah
393,Jawa Tengah VI,Nafa Urbach,Perempuan,Komisi IX,NasDem,-,Jawa Tengah,Oposisi
557,Jawa Tengah VI,Bramantyo Suwondo M.,Laki-Laki,Komisi X,Demokrat,Wakil Ketua Badan Kerjasama Antar Parlemen DPR RI,Jawa Tengah,Koalisi Pemerintah
34,Jawa Tengah VII,Drs. H. Taufiq R. Abdullah,Laki-Laki,Komisi I,PKB,Wakil Ketua Badan Aspirasi Masyarakat DPR RI,Jawa Tengah,Oposisi
113,Jawa Tengah VII,"Ir. KRT. H. Darori Wonodipuro M.M., IPU.",Laki-Laki,Komisi IV,Gerindra,-,Jawa Tengah,Koalisi Pemerintah
204,Jawa Tengah VII,Drs. Utut Adianto,Laki-Laki,Komisi I,PDI-P,Ketua Komisi I DPR RI,Jawa Tengah,Oposisi
317,Jawa Tengah VII,Dr. Bambang Soesatyo S.E.,Laki-Laki,Komisi III,Golkar,-,Jawa Tengah,Koalisi Pemerintah
394,Jawa Tengah VII,Amelia Anggraini,Perempuan,Komisi I,NasDem,-,Jawa Tengah,Oposisi
467,Jawa Tengah VII,Rofik Hananto S.E.,Laki-Laki,Komisi VII,PKS,-,Jawa Tengah,Oposisi
511,Jawa Tengah VII,Aqib Ardiansyah M.Si.,Laki-Laki,Komisi XII,PAN,-,Jawa Tengah,Koalisi Pemerintah
35,Jawa Tengah VIII,"Siti Mukaromah S.Ag., M.A.P.",Perempuan,Komisi VII,PKB,-,Jawa Tengah,Oposisi
114,Jawa Tengah VIII,"Hj. Novita Wijayanti S.M., M.M.",Perempuan,Komisi V,Gerindra,Wakil Ketua Badan Urusan Rumah Tangga DPR RI,Jawa Tengah,Koalisi Pemerintah
205,Jawa Tengah VIII,Kaisar Kiasa Kasih Said Putra,Perempuan,Komisi XI,PDI-P,-,Jawa Tengah,Oposisi
206,Jawa Tengah VIII,Adisatrya Suryo Sulisto,Laki-Laki,Komisi VI,PDI-P,Wakil Ketua Komisi VI DPR RI,Jawa Tengah,Oposisi
318,Jawa Tengah VIII,Teti Rohatiningsih S.Sos.,Laki-Laki,Komisi IX,Golkar,-,Jawa Tengah,Koalisi Pemerintah
395,Jawa Tengah VIII,Sugeng Suparwoto,Perempuan,Komisi XII,NasDem,Wakil Ketua Komisi XII DPR RI,Jawa Tengah,Oposisi
468,Jawa Tengah VIII,H. Yanuar Arif Wibowo S.H.,Laki-Laki,Komisi V,PKS,-,Jawa Tengah,Oposisi
558,Jawa Tengah VIII,H. Wastam S.E.,Laki-Laki,Komisi V,Demokrat,-,Jawa Tengah,Koalisi Pemerintah
36,Jawa Tengah IX,Eka Widodo,Laki-Laki,Komisi II,PKB,-,Jawa Tengah,Oposisi
115,Jawa Tengah IX,"Mohamad Hekal B.Sc., M.B.A.",Laki-Laki,Komisi XI,Gerindra,Wakil Ketua Komisi XI DPR RI,Jawa Tengah,Koalisi Pemerintah
207,Jawa Tengah IX,Shanty Alda Nathalia S.H.,Perempuan,Komisi XII,PDI-P,-,Jawa Tengah,Oposisi
208,Jawa Tengah IX,"Dr. Harris Turino S.T., S.H., M.Si., M.M.",Laki-Laki,Komisi XI,PDI-P,-,Jawa Tengah,Oposisi
209,Jawa Tengah IX,"Hj. Shintya Sandra Kusuma S.Hub.Int., M.A.B.",Perempuan,Komisi II,PDI-P,-,Jawa Tengah,Oposisi
319,Jawa Tengah IX,"Agung Widyantoro S.H., M.Si.",Laki-Laki,Komisi X,Golkar,Wakil Ketua Mahkamah Kehormatan Dewan DPR RI,Jawa Tengah,Koalisi Pemerintah
469,Jawa Tengah IX,Dr. H. Abdul Fikri Faqih M.M.,Laki-Laki,Komisi VIII,PKS,-,Jawa Tengah,Oposisi
512,Jawa Tengah IX,Wahyudin Noor Aly alias Goyud,Laki-Laki,Komisi II,PAN,-,Jawa Tengah,Koalisi Pemerintah
37,Jawa Tengah X,M. Hanif Dhakiri,Laki-Laki,Komisi XI,PKB,Wakil Ketua Komisi XI DPR RI,Jawa Tengah,Oposisi
116,Jawa Tengah X,Dr. Ramson Siagian,Laki-Laki,Komisi XII,Gerindra,-,Jawa Tengah,Koalisi Pemerintah
210,Jawa Tengah X,Dede Indra Permana Soediro S.H.,Laki-Laki,Komisi III,PDI-P,Wakil Ketua Komisi III DPR RI,Jawa Tengah,Oposisi
320,Jawa Tengah X,Ashraff Abu,Laki-Laki,Komisi IX,Golkar,-,Jawa Tengah,Koalisi Pemerintah
321,Jawa Tengah X,"Doni Akbar S.E., M.M.",Laki-Laki,Komisi VI,Golkar,-,Jawa Tengah,Koalisi Pemerintah
396,Jawa Tengah X,Yoyok Riyo Sudibyo,Laki-Laki,Komisi I,NasDem,-,Jawa Tengah,Oposisi
470,Jawa Tengah X,Rizal Bawazier,Laki-Laki,Komisi VI,PKS,-,Jawa Tengah,Oposisi
38,Daerah Istimewa Yogyakarta,Kaisar Abu Hanifah,Laki-Laki,Komisi VII,PKB,-,Daerah Istimewa Yogyakarta,Oposisi
117,Daerah Istimewa Yogyakarta,Siti Hediati Soeharto S.E.,Perempuan,Komisi IV,Gerindra,Ketua Komisi IV DPR RI,Daerah Istimewa Yogyakarta,Koalisi Pemerintah
211,Daerah Istimewa Yogyakarta,M. Y. Esti Wijayati,Perempuan,Komisi X,PDI-P,Wakil Ketua Komisi X DPR RI,Daerah Istimewa Yogyakarta,Oposisi
212,Daerah Istimewa Yogyakarta,G. M. Totok Hedi Santosa,Laki-Laki,Komisi VI,PDI-P,-,Daerah Istimewa Yogyakarta,Oposisi
322,Daerah Istimewa Yogyakarta,Drs. Gandung Pardiman M.M.,Laki-Laki,Komisi XII,Golkar,-,Daerah Istimewa Yogyakarta,Koalisi Pemerintah
397,Daerah Istimewa Yogyakarta,"H. Subardi S.H., M.H.",Laki-Laki,Komisi VI,NasDem,-,Daerah Istimewa Yogyakarta,Oposisi
471,Daerah Istimewa Yogyakarta,Dr. H. Sukamta,Laki-Laki,Komisi I,PKS,-,Daerah Istimewa Yogyakarta,Oposisi
513,Daerah Istimewa Yogyakarta,H. Totok Daryanto S.E.,Laki-Laki,Komisi XII,PAN,-,Daerah Istimewa Yogyakarta,Koalisi Pemerintah
39,Jawa Timur I,"Dr. Hj. Arzeti Bilbina Setyawan S.E., M.AP.",Perempuan,Komisi IX,PKB,-,Jawa Timur,Oposisi
118,Jawa Timur I,Ir. H. Bambang Haryo Soekartono,Laki-Laki,Komisi VII,Gerindra,-,Jawa Timur,Koalisi Pemerintah
119,Jawa Timur I,Dhani Ahmad Prasetyo S.H.,Laki-Laki,Komisi X,Gerindra,-,Jawa Timur,Koalisi Pemerintah
213,Jawa Timur I,Puti Guntur Soekarno S.I.P.,Perempuan,Komisi X,PDI-P,-,Jawa Timur,Oposisi
214,Jawa Timur I,"Indah Kurnia S.E., M.M.",Perempuan,Komisi IX,PDI-P,Wakil Ketua Badan Urusan Rumah Tangga DPR RI,Jawa Timur,Oposisi
323,Jawa Timur I,"Dr. Ir. H. Adies Kadir S.H., M.Hum.",Laki-Laki,Komisi III,Golkar,Wakil Ketua DPR-RI,Jawa Timur,Koalisi Pemerintah
398,Jawa Timur I,Lita Machfud Arifin,Perempuan,Komisi X,NasDem,-,Jawa Timur,Oposisi
472,Jawa Timur I,"Reni Astuti S.Si., M.PSDM.",Perempuan,Komisi V,PKS,-,Jawa Timur,Oposisi
514,Jawa Timur I,"Arizal Tom Liwafa S.T., M.M.",Laki-Laki,Komisi VII,PAN,-,Jawa Timur,Koalisi Pemerintah
559,Jawa Timur I,Dra. Lucy Kurniasari,Perempuan,Komisi IX,Demokrat,-,Jawa Timur,Koalisi Pemerintah
40,Jawa Timur II,Dra. Hj. Anisah Syakur M.Ag.,Perempuan,Komisi VI,PKB,-,Jawa Timur,Oposisi
41,Jawa Timur II,"Muhammad Hilman Mufidi S.E., S.H.",Laki-Laki,Komisi X,PKB,-,Jawa Timur,Oposisi
120,Jawa Timur II,Dr. H. Anwar Sadad M.Ag.,Laki-Laki,Komisi XIII,Gerindra,-,Jawa Timur,Koalisi Pemerintah
215,Jawa Timur II,dr. H. Mufti A.N. Anam M.I.Kom.,Laki-Laki,Komisi VI,PDI-P,-,Jawa Timur,Oposisi
324,Jawa Timur II,"Dr. H. Mukhamad Misbakhun S.E., M.H.",Laki-Laki,Komisi XI,Golkar,Ketua Komisi XI DPR RI,Jawa Timur,Koalisi Pemerintah
399,Jawa Timur II,"Hj. Dini Rahmania S.A.P., M.M.",Perempuan,Komisi VIII,NasDem,-,Jawa Timur,Oposisi
515,Jawa Timur II,H. Syaiful Nuri,Laki-Laki,Komisi VIII,PAN,-,Jawa Timur,Koalisi Pemerintah
42,Jawa Timur III,"Dr. Hj. Nihayatul Wafiroh S.Ag., M.A.",Perempuan,Komisi IX,PKB,Wakil Ketua Komisi IX DPR RI,Jawa Timur,Oposisi
43,Jawa Timur III,Ir. H. M. Nasim Khan,Laki-Laki,Komisi VI,PKB,-,Jawa Timur,Oposisi
121,Jawa Timur III,Ir. H. Sumail Abdullah M.T.,Laki-Laki,Komisi I,Gerindra,-,Jawa Timur,Koalisi Pemerintah
216,Jawa Timur III,"Sonny Tri Danaparamita S.H., M.H.",Laki-Laki,Komisi IV,PDI-P,-,Jawa Timur,Oposisi
217,Jawa Timur III,Ina Ammania,Perempuan,Komisi VIII,PDI-P,-,Jawa Timur,Oposisi
325,Jawa Timur III,"Zulfikar Arse Sadikin S.I.P., M.Si.",Laki-Laki,Komisi II,Golkar,Wakil Ketua Komisi II DPR RI,Jawa Timur,Koalisi Pemerintah
560,Jawa Timur III,"Dina Lorenza Audria S.I.P., M.I.P.",Perempuan,Komisi VII,Demokrat,-,Jawa Timur,Koalisi Pemerintah
44,Jawa Timur IV,H. Rivqy Abdul Halim S.E.,Laki-Laki,Komisi VI,PKB,-,Jawa Timur,Oposisi
45,Jawa Timur IV,H. Muhammad Khozin M.A.P.,Laki-Laki,Komisi II,PKB,-,Jawa Timur,Oposisi
122,Jawa Timur IV,Bambang Haryadi S.E.,Laki-Laki,Komisi XII,Gerindra,Wakil Ketua Komisi XII DPR RI,Jawa Timur,Koalisi Pemerintah
123,Jawa Timur IV,"Kawendra Lukistian S.E., M.Sn.",Laki-Laki,Komisi VI,Gerindra,-,Jawa Timur,Koalisi Pemerintah
218,Jawa Timur IV,Arif Wibowo,Laki-Laki,Komisi II,PDI-P,-,Jawa Timur,Oposisi
326,Jawa Timur IV,H. Muhamad Nur Purnamasidi S.Sos.,Laki-Laki,Komisi X,Golkar,-,Jawa Timur,Koalisi Pemerintah
400,Jawa Timur IV,"H. Charles Meikyansah S.Sos., M.I.Kom.",Laki-Laki,Komisi XI,NasDem,-,Jawa Timur,Oposisi
473,Jawa Timur IV,"Amin Ak., M.M.",Laki-Laki,Komisi VI,PKS,-,Jawa Timur,Oposisi
46,Jawa Timur V,"Hassanudin Wahid S.Ag., M.Hum.",Laki-Laki,Komisi XI,PKB,-,Jawa Timur,Oposisi
47,Jawa Timur V,H. Ali Ahmad S.H.,Laki-Laki,Komisi II,PKB,-,Jawa Timur,Oposisi
124,Jawa Timur V,Moreno Soeprapto S.Sos.,Laki-Laki,Komisi XII,Gerindra,-,Jawa Timur,Koalisi Pemerintah
125,Jawa Timur V,H. Ma'ruf Mubarok S.H.,Laki-Laki,Komisi VII,Gerindra,-,Jawa Timur,Koalisi Pemerintah
219,Jawa Timur V,"Dr. Ahmad Basarah S.H., M.H.",Laki-Laki,Komisi XIII,PDI-P,-,Jawa Timur,Oposisi
220,Jawa Timur V,Ir. Andreas Eddy Susetyo M.M.,Laki-Laki,Komisi XI,PDI-P,Ketua Badan Akuntabilitas Keuangan Negara DPR RI,Jawa Timur,Oposisi
327,Jawa Timur V,Ahmad Irawan,Laki-Laki,Komisi II,Golkar,-,Jawa Timur,Koalisi Pemerintah
474,Jawa Timur V,dr. Gamal M.Biomed.,Laki-Laki,Komisi X,PKS,-,Jawa Timur,Oposisi
48,Jawa Timur VI,Dr. Hj. Anggia Erma Rini M.K.M.,Perempuan,Komisi VI,PKB,Ketua Komisi VI DPR RI,Jawa Timur,Oposisi
49,Jawa Timur VI,H. An'im Falachuddin,Laki-Laki,Komisi VIII,PKB,-,Jawa Timur,Oposisi
126,Jawa Timur VI,Ir. Endro Hermono M.B.A.,Laki-Laki,Komisi VIII,Gerindra,-,Jawa Timur,Koalisi Pemerintah
221,Jawa Timur VI,Pulung Agustanto,Laki-Laki,Komisi III,PDI-P,-,Jawa Timur,Oposisi
222,Jawa Timur VI,Romy Soekarno,Laki-Laki,Komisi II,PDI-P,-,Jawa Timur,Oposisi
328,Jawa Timur VI,"M. Sarmuji S.E., M.S.",Laki-Laki,Komisi VI,Golkar,-,Jawa Timur,Koalisi Pemerintah
329,Jawa Timur VI,Dr. Ir. Heru Tjahjono M.M.,Laki-Laki,Komisi IX,Golkar,-,Jawa Timur,Koalisi Pemerintah
401,Jawa Timur VI,Nurhadi,Laki-Laki,Komisi IX,NasDem,-,Jawa Timur,Oposisi
516,Jawa Timur VI,Ir. Ahmad Riski Sadig M.Si.,Laki-Laki,Komisi XI,PAN,-,Jawa Timur,Koalisi Pemerintah
50,Jawa Timur VII,"H. Ahmad Iman Sukri S.H., M.Hum.",Laki-Laki,Komisi XIII,PKB,Wakil Ketua Badan Legislasi DPR RI,Jawa Timur,Oposisi
127,Jawa Timur VII,Drs. Supriyanto,Laki-Laki,Komisi V,Gerindra,-,Jawa Timur,Koalisi Pemerintah
223,Jawa Timur VII,"Hj. Novita Hardini S.E., M.E.",Perempuan,Komisi VII,PDI-P,-,Jawa Timur,Oposisi
224,Jawa Timur VII,Ir. Budi Sulistyono alias Kanang,Laki-Laki,Komisi VI,PDI-P,-,Jawa Timur,Oposisi
330,Jawa Timur VII,"Dr. Ali Mufthi S.Ag., M.Si.",Laki-Laki,Komisi V,Golkar,-,Jawa Timur,Koalisi Pemerintah
475,Jawa Timur VII,"Riyono S.Kel., M.Si.",Laki-Laki,Komisi IV,PKS,-,Jawa Timur,Oposisi
561,Jawa Timur VII,"Dr. H. Edhie Baskoro Yudhoyono B.Com., M.Sc.",Laki-Laki,Komisi XII,Demokrat,Wakil Ketua MPR RI,Jawa Timur,Koalisi Pemerintah
562,Jawa Timur VII,"Sartono S.E., M.M.",Laki-Laki,Komisi VI,Demokrat,-,Jawa Timur,Koalisi Pemerintah
51,Jawa Timur VIII,Rusdi Kirana S.E.,Laki-Laki,Komisi III,PKB,Wakil Ketua MPR RI,Jawa Timur,Oposisi
52,Jawa Timur VIII,Dr. (H.C.) Drs. H. A. Halim Iskandar M.Pd.,Laki-Laki,Komisi I,PKB,-,Jawa Timur,Oposisi
128,Jawa Timur VIII,Bimantoro Wiyono S.H.,Laki-Laki,Komisi VIII,Gerindra,-,Jawa Timur,Koalisi Pemerintah
225,Jawa Timur VIII,"Hj. Sadarestuwati S.P., M.M.A.",Perempuan,Komisi VI,PDI-P,-,Jawa Timur,Oposisi
226,Jawa Timur VIII,Banyu Biru Djarot,Laki-Laki,Komisi VII,PDI-P,-,Jawa Timur,Oposisi
331,Jawa Timur VIII,M. Yahya Zaini S.H.,Laki-Laki,Komisi IX,Golkar,Wakil Ketua Komisi IX DPR RI,Jawa Timur,Koalisi Pemerintah
402,Jawa Timur VIII,Muhammad Habibur Rochman S.E.,Laki-Laki,Komisi II,NasDem,-,Jawa Timur,Oposisi
476,Jawa Timur VIII,Hj. Meitri Citra Wardani S.H.,Perempuan,Komisi XII,PKS,-,Jawa Timur,Oposisi
517,Jawa Timur VIII,Abdul Hakim Bafagih,Laki-Laki,Komisi VI,PAN,-,Jawa Timur,Koalisi Pemerintah
563,Jawa Timur VIII,Drs. H. Guntur Sasono M.Si.,Laki-Laki,Komisi IV,Demokrat,"Ketua DPR sementara pada sidang paripurna pertama, selaku anggota dewan tertua.[16]",Jawa Timur,Koalisi Pemerintah
53,Jawa Timur IX,"Dr. Hj. Anna Mu'awanah S.E., M.H.",Perempuan,Komisi XI,PKB,-,Jawa Timur,Oposisi
54,Jawa Timur IX,"Hj. Ratna Juwita Sari S.E., M.M.",Perempuan,Komisi XII,PKB,-,Jawa Timur,Oposisi
129,Jawa Timur IX,"Wihadi Wijanto S.H., M.H.",Laki-Laki,Komisi XI,Gerindra,Wakil Ketua Badan Anggaran DPR RI,Jawa Timur,Koalisi Pemerintah
227,Jawa Timur IX,"H. Abidin Fikri S.H., M.H.",Laki-Laki,Komisi VIII,PDI-P,Wakil Ketua Komisi VIII DPR RI,Jawa Timur,Oposisi
332,Jawa Timur IX,Dra. Hj. Haeny Relawati Rini Widyastuti M.Si.,Perempuan,Komisi VIII,Golkar,-,Jawa Timur,Koalisi Pemerintah
333,Jawa Timur IX,Eko Wahyudi,Laki-Laki,Komisi IV,Golkar,-,Jawa Timur,Koalisi Pemerintah
55,Jawa Timur X,"Dr. H. Jazilul Fawaid S.Q., M.A.",Laki-Laki,Komisi III,PKB,Wakil Ketua Badan Anggaran DPR RI,Jawa Timur,Oposisi
130,Jawa Timur X,H. Khilmi,Laki-Laki,Komisi VI,Gerindra,-,Jawa Timur,Koalisi Pemerintah
228,Jawa Timur X,H. Nasyirul Falah Amru S.E.,Laki-Laki,Komisi III,PDI-P,-,Jawa Timur,Oposisi
229,Jawa Timur X,Nila Yani Hardiyanti S.I.Kom.,Perempuan,Komisi VII,PDI-P,-,Jawa Timur,Oposisi
334,Jawa Timur X,Ahmad Labib,Laki-Laki,Komisi VI,Golkar,-,Jawa Timur,Koalisi Pemerintah
403,Jawa Timur X,"Jiddan S.E., S.H.",Laki-Laki,Komisi XI,NasDem,-,Jawa Timur,Oposisi
56,Jawa Timur XI,"H. Syafiuddin S.Sos., M.H.",Laki-Laki,Komisi V,PKB,-,Jawa Timur,Oposisi
131,Jawa Timur XI,"R. H. Imron Amin S.H., M.H.",Laki-Laki,Komisi XI,Gerindra,Wakil Ketua Mahkamah Kehormatan Dewan DPR RI,Jawa Timur,Koalisi Pemerintah
230,Jawa Timur XI,M. H. Said Abdullah,Laki-Laki,Komisi XI,PDI-P,Ketua Badan Anggaran DPR RI,Jawa Timur,Oposisi
231,Jawa Timur XI,Ansari S.Pd.I.,Perempuan,Komisi VIII,PDI-P,-,Jawa Timur,Oposisi
335,Jawa Timur XI,"Dr. Eric Hermawan M.T., M.M.",Laki-Laki,Komisi VII,Golkar,-,Jawa Timur,Koalisi Pemerintah
404,Jawa Timur XI,"Willy Aditya S.Fil., M.Ds., M.Sc.",Laki-Laki,Komisi XIII,NasDem,Ketua Komisi XIII DPR RI,Jawa Timur,Oposisi
518,Jawa Timur XI,"H. Slamet Ariyadi S.Psi., M.Sos.",Laki-Laki,Komisi I,PAN,-,Jawa Timur,Koalisi Pemerintah
564,Jawa Timur XI,"H. Hasani Bin Zuber S.IP., M.KP.",Laki-Laki,Komisi VIII,Demokrat,-,Jawa Timur,Koalisi Pemerintah
57,Banten I,Ahmad Fauzi,Laki-Laki,Komisi V,PKB,-,Banten,Oposisi
132,Banten I,"Ali Zamroni S.Sos., M.A.P.",Laki-Laki,Komisi X,Gerindra,-,Banten,Koalisi Pemerintah
232,Banten I,Bonnie Triyana S.S.,Laki-Laki,Komisi X,PDI-P,-,Banten,Oposisi
336,Banten I,"Dr. Hj. Adde Rosi Khoerunnisa S.Sos., M.Si.",Perempuan,Komisi X,Golkar,-,Banten,Koalisi Pemerintah
405,Banten I,Arif Rahman,Laki-Laki,Komisi IV,NasDem,-,Banten,Oposisi
565,Banten I,Rizki Aulia Rahman Natakusumah,Laki-Laki,Komisi I,Demokrat,Ketua Badan Urusan Rumah Tangga DPR RI,Banten,Koalisi Pemerintah
133,Banten II,Annisa M. A. Mahesa,Perempuan,Komisi XI,Gerindra,"Wakil Ketua DPR sementara pada sidang paripurna pertama, selaku anggota dewan termuda.",Banten,Koalisi Pemerintah
233,Banten II,Sarifah Ainun Jariyah S.I.P.,Perempuan,Komisi I,PDI-P,-,Banten,Oposisi
337,Banten II,Tubagus Haerul Jaman S.E.,Laki-Laki,Komisi V,Golkar,-,Banten,Koalisi Pemerintah
406,Banten II,"Prof. Dr. H. Furtasan Ali Yusuf S.E., S.Kom., M.M.",Laki-Laki,Komisi X,NasDem,-,Banten,Oposisi
477,Banten II,Dr. H. Jazuli Juwaini M.A.,Laki-Laki,Komisi I,PKS,-,Banten,Oposisi
519,Banten II,H. Edison Sitorus S.T.,Laki-Laki,Komisi XIII,PAN,-,Banten,Koalisi Pemerintah
58,Banten III,"Moh. Rano Alfath S.H., M.H.",Laki-Laki,Komisi III,PKB,Wakil Ketua Komisi III DPR RI,Banten,Oposisi
134,Banten III,Prof. H. Sufmi Dasco Ahmad,Laki-Laki,Komisi III,Gerindra,Wakil Ketua DPR-RI,Banten,Koalisi Pemerintah
234,Banten III,"Yulius Setiarto S.H., M.H.",Laki-Laki,Komisi I,PDI-P,-,Banten,Oposisi
235,Banten III,"Marinus Gea S.E., M.Ak.",Laki-Laki,Komisi XIII,PDI-P,-,Banten,Oposisi
338,Banten III,Drs. H. Mujakkir Zuhri,Laki-Laki,Komisi VII,Golkar,-,Banten,Koalisi Pemerintah
339,Banten III,"Andi Achmad Dara S.E., M.AP.",Laki-Laki,Komisi XI,Golkar,Wakil Ketua Badan Akuntabilitas Keuangan Negara DPR RI,Banten,Koalisi Pemerintah
407,Banten III,Dr. H. Wahidin Halim M.Si.,Laki-Laki,Komisi VIII,NasDem,-,Banten,Oposisi
478,Banten III,"Habib Idrus Salim Aljufri Lc., M.B.A.",Laki-Laki,Komisi I,PKS,Wakil Ketua Badan Akuntabilitas Keuangan Negara DPR RI,Banten,Oposisi
520,Banten III,"Okta Kumala Dewi S.E., M.Ak.",Perempuan,Komisi I,PAN,-,Banten,Koalisi Pemerintah
566,Banten III,Zulfikar Hamonangan,Laki-Laki,Komisi XII,Demokrat,-,Banten,Koalisi Pemerintah
135,Bali,I Dewa Gde Agung Widiarsana,Laki-Laki,Komisi XIII,Gerindra,-,Bali,Koalisi Pemerintah
236,Bali,I Nyoman Parta S.H.,Laki-Laki,Komisi X,PDI-P,-,Bali,Oposisi
237,Bali,"I Gusti Ngurah Kesuma Kelakan S.T., M.Si.",Laki-Laki,Komisi VI,PDI-P,-,Bali,Oposisi
238,Bali,"I Wayan Sudirta S.H., M.H.",Laki-Laki,Komisi III,PDI-P,-,Bali,Oposisi
239,Bali,"I Nyoman Adi Wiryatama S.Sos., M.Si.",Laki-Laki,Komisi IV,PDI-P,-,Bali,Oposisi
240,Bali,‚Å†I Ketut Kariyasa Adnyana S.P.,Laki-Laki,Komisi VIII,PDI-P,-,Bali,Oposisi
340,Bali,"Gde Sumarjaya Linggih S.E., M.AP.",Laki-Laki,Komisi VI,Golkar,-,Bali,Koalisi Pemerintah
408,Bali,Ir. I Nengah Senantara,Laki-Laki,Komisi VI,NasDem,-,Bali,Oposisi
567,Bali,"Ni Putu Tutik Kusuma Wardhani S.M., M.M., M.Kes.",Perempuan,Komisi VI,Demokrat,-,Bali,Koalisi Pemerintah
59,Nusa Tenggara Barat I,"Mahdalena S.S., M.M.",Perempuan,Komisi VIII,PKB,-,Nusa Tenggara Barat,Oposisi
409,Nusa Tenggara Barat I,H. Mori Hanafi S.E.,Laki-Laki,Komisi V,NasDem,-,Nusa Tenggara Barat,Oposisi
479,Nusa Tenggara Barat I,H. Johan Rosihan S.T.,Laki-Laki,Komisi IV,PKS,-,Nusa Tenggara Barat,Oposisi
60,Nusa Tenggara Barat II,H. Lalu Hadrian Irfani S.T.,Laki-Laki,Komisi X,PKB,Wakil Ketua Komisi X DPR RI,Nusa Tenggara Barat,Oposisi
136,Nusa Tenggara Barat II,Apt. Hj. Lale Syifaun Nufus M.Farm.,Laki-Laki,Komisi VIII,Gerindra,-,Nusa Tenggara Barat,Koalisi Pemerintah
241,Nusa Tenggara Barat II,Rachmat Hidayat S.H.,Laki-Laki,Komisi I,PDI-P,-,Nusa Tenggara Barat,Oposisi
341,Nusa Tenggara Barat II,Ir. Hj. Sari Yuliati M.T.,Perempuan,Komisi III,Golkar,Wakil Ketua Komisi III DPR RI,Nusa Tenggara Barat,Koalisi Pemerintah
410,Nusa Tenggara Barat II,"Fauzan Khalid S.Ag., M.Si.",Laki-Laki,Komisi II,NasDem,-,Nusa Tenggara Barat,Oposisi
480,Nusa Tenggara Barat II,"H. Abdul Hadi S.E., M.M.",Laki-Laki,Komisi V,PKS,-,Nusa Tenggara Barat,Oposisi
521,Nusa Tenggara Barat II,H. M. Muazzim Akbar S.I.P.,Laki-Laki,Komisi IX,PAN,-,Nusa Tenggara Barat,Koalisi Pemerintah
568,Nusa Tenggara Barat II,Dr. Ir. H. Nanang Samodra K. A. M.Sc.,Laki-Laki,Komisi VIII,Demokrat,-,Nusa Tenggara Barat,Koalisi Pemerintah
61,Nusa Tenggara Timur I,"N. M. Dipo Nusantara P. U. S.H., M.Kn.",Laki-Laki,Komisi XII,PKB,-,Nusa Tenggara Timur,Oposisi
242,Nusa Tenggara Timur I,Dr. Andreas Hugo Pareira,Laki-Laki,Komisi XIII,PDI-P,Wakil Ketua Komisi XIII DPR RI,Nusa Tenggara Timur,Oposisi
342,Nusa Tenggara Timur I,Melchias Marcus Mekeng M.H.,Laki-Laki,Komisi XI,Golkar,-,Nusa Tenggara Timur,Koalisi Pemerintah
411,Nusa Tenggara Timur I,Julie Sutrisno Laiskodat,Perempuan,Komisi XI,NasDem,-,Nusa Tenggara Timur,Oposisi
522,Nusa Tenggara Timur I,Ahmad Yohan M.Si.,Laki-Laki,Komisi IV,PAN,Wakil Ketua Komisi IV DPR RI,Nusa Tenggara Timur,Koalisi Pemerintah
569,Nusa Tenggara Timur I,Dr. Benny Kabur Harman S.H.,Laki-Laki,Komisi III,Demokrat,-,Nusa Tenggara Timur,Koalisi Pemerintah
62,Nusa Tenggara Timur II,Usman Husin,Laki-Laki,Komisi IV,PKB,-,Nusa Tenggara Timur,Oposisi
137,Nusa Tenggara Timur II,Ir. Esthon L. Foenay M.Si.,Laki-Laki,Komisi II,Gerindra,-,Nusa Tenggara Timur,Koalisi Pemerintah
243,Nusa Tenggara Timur II,Stevano Rizki Adranacus,Laki-Laki,Komisi III,PDI-P,-,Nusa Tenggara Timur,Oposisi
343,Nusa Tenggara Timur II,"Dr. Umbu Kabunang Rudi Yanto Hunga S.H., M.H.",Laki-Laki,Komisi XIII,Golkar,-,Nusa Tenggara Timur,Koalisi Pemerintah
344,Nusa Tenggara Timur II,Gavriel Putranto Novanto,Laki-Laki,Komisi I,Golkar,-,Nusa Tenggara Timur,Koalisi Pemerintah
412,Nusa Tenggara Timur II,"Dr. Viktor Bungtilu Laiskodat S.H., M.Si.",Laki-Laki,Komisi I,NasDem,-,Nusa Tenggara Timur,Oposisi
570,Nusa Tenggara Timur II,Anita Jacoba Gah,Perempuan,Komisi X,Demokrat,-,Nusa Tenggara Timur,Koalisi Pemerintah
63,Kalimantan Barat I,Daniel Johan,Laki-Laki,Komisi IV,PKB,-,Kalimantan Barat,Oposisi
138,Kalimantan Barat I,Yuliansyah S.E.,Laki-Laki,Komisi V,Gerindra,-,Kalimantan Barat,Koalisi Pemerintah
244,Kalimantan Barat I,Drs. Cornelis M.H.,Laki-Laki,Komisi XII,PDI-P,-,Kalimantan Barat,Oposisi
245,Kalimantan Barat I,"Maria Lestari S.Pd., M.H.",Perempuan,Komisi VII,PDI-P,-,Kalimantan Barat,Oposisi
345,Kalimantan Barat I,Franciscus Maria Agustinus Sibarani,Laki-Laki,Komisi XIII,Golkar,-,Kalimantan Barat,Koalisi Pemerintah
413,Kalimantan Barat I,H. Syarief Abdullah Alkadrie S.H.,Laki-Laki,Komisi V,NasDem,Wakil Ketua Badan Anggaran DPR RI,Kalimantan Barat,Oposisi
481,Kalimantan Barat I,"H. Alifudin S.E., M.M.",Laki-Laki,Komisi IX,PKS,-,Kalimantan Barat,Oposisi
523,Kalimantan Barat I,Boyman Harun S.H.,Laki-Laki,Komisi V,PAN,-,Kalimantan Barat,Koalisi Pemerintah
246,Kalimantan Barat II,"Lasarus S.Sos., M.Si.",Laki-Laki,Komisi V,PDI-P,Ketua Komisi V DPR RI,Kalimantan Barat,Oposisi
247,Kalimantan Barat II,"Paolus Hadi S.IP., M.Si.",Laki-Laki,Komisi IV,PDI-P,-,Kalimantan Barat,Oposisi
346,Kalimantan Barat II,Dr. Drs. Adrianus Asia Sidot M.Si.,Laki-Laki,Komisi IV,Golkar,-,Kalimantan Barat,Koalisi Pemerintah
414,Kalimantan Barat II,Gulam Mohamad Sharon,Laki-Laki,Komisi XII,NasDem,-,Kalimantan Barat,Oposisi
139,Kalimantan Tengah,H. Iwan Kurniawan,Laki-Laki,Komisi II,Gerindra,-,Kalimantan Tengah,Koalisi Pemerintah
248,Kalimantan Tengah,"Sigit Karyawan Yunianto S.H., M.A.P.",Laki-Laki,Komisi XII,PDI-P,-,Kalimantan Tengah,Oposisi
347,Kalimantan Tengah,Drs. Mukhtarudin,Laki-Laki,Komisi XII,Golkar,-,Kalimantan Tengah,Koalisi Pemerintah
415,Kalimantan Tengah,Andina Thresia Narang B.Comm.,Perempuan,Komisi I,NasDem,-,Kalimantan Tengah,Oposisi
524,Kalimantan Tengah,Muhammad Syauqie S.Hut.,Laki-Laki,Komisi V,PAN,-,Kalimantan Tengah,Koalisi Pemerintah
571,Kalimantan Tengah,"Bambang Purwanto S.ST, M.H.",Laki-Laki,Komisi IV,Demokrat,-,Kalimantan Tengah,Koalisi Pemerintah
140,Kalimantan Selatan I,Muhammad Rofiqi S.H.,Laki-Laki,Komisi III,Gerindra,-,Kalimantan Selatan,Koalisi Pemerintah
348,Kalimantan Selatan I,"Drs. H. Bambang Heri Purnama S.T., S.H., M.H.",Laki-Laki,Komisi I,Golkar,-,Kalimantan Selatan,Koalisi Pemerintah
349,Kalimantan Selatan I,"Sandi Fitrian Noor S.T., M.M.",Laki-Laki,Komisi VIII,Golkar,-,Kalimantan Selatan,Koalisi Pemerintah
416,Kalimantan Selatan I,"Dr. H. M. Rifqinizamy Karsayuda S.H., M.H.",Laki-Laki,Komisi II,NasDem,Ketua Komisi II DPR RI,Kalimantan Selatan,Oposisi
482,Kalimantan Selatan I,Habib Aboe Bakar Al Habsyi S.E.,Laki-Laki,Komisi III,PKS,Wakil Ketua Mahkamah Kehormatan Dewan DPR RI,Kalimantan Selatan,Oposisi
525,Kalimantan Selatan I,Ir. Pangeran Khairul Saleh M.M.,Laki-Laki,Komisi XIII,PAN,-,Kalimantan Selatan,Koalisi Pemerintah
141,Kalimantan Selatan II,"Hj. Mariana S.A.B., M.M.",Perempuan,Komisi IX,Gerindra,-,Kalimantan Selatan,Koalisi Pemerintah
350,Kalimantan Selatan II,Irjen Pol (Purn.) Drs. Rikwanto M.Hum.,Laki-Laki,Komisi III,Golkar,-,Kalimantan Selatan,Koalisi Pemerintah
417,Kalimantan Selatan II,H. Machfud Arifin,Laki-Laki,Komisi XIII,NasDem,-,Kalimantan Selatan,Oposisi
526,Kalimantan Selatan II,"Endang Agustina S.Sos., M.H.",Laki-Laki,Komisi III,PAN,-,Kalimantan Selatan,Koalisi Pemerintah
527,Kalimantan Selatan II,Sudian Noor,Laki-Laki,Komisi VIII,PAN,-,Kalimantan Selatan,Koalisi Pemerintah
64,Kalimantan Timur,Syafruddin S.Pd.,Laki-Laki,Komisi XII,PKB,-,Kalimantan Timur,Oposisi
142,Kalimantan Timur,G. Budisatrio Djiwandono,Laki-Laki,Komisi I,Gerindra,Wakil Ketua Komisi I DPR RI,Kalimantan Timur,Koalisi Pemerintah
249,Kalimantan Timur,Drs. Safaruddin M.I.Kom.,Laki-Laki,Komisi III,PDI-P,-,Kalimantan Timur,Oposisi
351,Kalimantan Timur,Hj. Sarifah Suraidah,Perempuan,Komisi VI,Golkar,-,Kalimantan Timur,Koalisi Pemerintah
352,Kalimantan Timur,Dr. Ir. Hetifah Sjaifudian M.P.P.,Perempuan,Komisi X,Golkar,Ketua Komisi X DPR RI,Kalimantan Timur,Koalisi Pemerintah
418,Kalimantan Timur,Nabil Husien Said Amin Alrasydi,Laki-Laki,Komisi III,NasDem,-,Kalimantan Timur,Oposisi
483,Kalimantan Timur,K. H. Aus Hidayat Nur,Laki-Laki,Komisi II,PKS,-,Kalimantan Timur,Oposisi
528,Kalimantan Timur,"Edi Oloan Pasaribu S.T., M.M.",Laki-Laki,Komisi II,PAN,-,Kalimantan Timur,Koalisi Pemerintah
143,Kalimantan Utara,Hj. Rahmawati S.H.,Perempuan,Komisi VII,Gerindra,-,Kalimantan Utara,Koalisi Pemerintah
250,Kalimantan Utara,Ir. Deddy Yevri Hanteru Sitorus M.A.,Laki-Laki,Komisi II,PDI-P,-,Kalimantan Utara,Oposisi
572,Kalimantan Utara,Drs. Hasan Saleh,Laki-Laki,Komisi IV,Demokrat,-,Kalimantan Utara,Koalisi Pemerintah
144,Sulawesi Utara,Martin Daniel Tumbeleka,Laki-Laki,Komisi III,Gerindra,-,Sulawesi Utara,Koalisi Pemerintah
251,Sulawesi Utara,Rio Alexander Jeremia Dondokambey B.Sc.,Laki-Laki,Komisi XI,PDI-P,-,Sulawesi Utara,Oposisi
252,Sulawesi Utara,Dra. Yasti Soepredjo Mokoagow,Perempuan,Komisi V,PDI-P,-,Sulawesi Utara,Oposisi
353,Sulawesi Utara,Christiany Eugenia Paruntu,Perempuan,Komisi XII,Golkar,-,Sulawesi Utara,Koalisi Pemerintah
419,Sulawesi Utara,Felly Estelita Runtuwene S.E.,Perempuan,Komisi IX,NasDem,Ketua Komisi IX DPR RI,Sulawesi Utara,Oposisi
573,Sulawesi Utara,"Dr. Hillary Brigitta Lasut S.H., LL.M.",Perempuan,Komisi XI,Demokrat,-,Sulawesi Utara,Koalisi Pemerintah
145,Sulawesi Tengah,Drs. H. Longki Djanggola M.Si.,Laki-Laki,Komisi II,Gerindra,-,Sulawesi Tengah,Koalisi Pemerintah
253,Sulawesi Tengah,Matindas Janusanti Rumambi S.Sos.,Laki-Laki,Komisi VIII,PDI-P,-,Sulawesi Tengah,Oposisi
354,Sulawesi Tengah,H. Muhidin Mohamad Said,Laki-Laki,Komisi XI,Golkar,Wakil Ketua Badan Anggaran DPR RI,Sulawesi Tengah,Koalisi Pemerintah
355,Sulawesi Tengah,Ir. Beniyanto S.T.,Laki-Laki,Komisi VII,Golkar,-,Sulawesi Tengah,Koalisi Pemerintah
420,Sulawesi Tengah,"Dr. Hj. Nilam Sari Lawira S.P., M.P.",Perempuan,Komisi X,NasDem,-,Sulawesi Tengah,Oposisi
529,Sulawesi Tengah,"Dr. Sarifuddin Sudding S.H., M.H.",Laki-Laki,Komisi III,PAN,-,Sulawesi Tengah,Koalisi Pemerintah
574,Sulawesi Tengah,Ellen Esther Pelealu S.E.,Perempuan,Komisi IV,Demokrat,-,Sulawesi Tengah,Koalisi Pemerintah
65,Sulawesi Selatan I,"Dr. H. Syamsu Rizal M. I. S.Sos., M.Si.",Laki-Laki,Komisi I,PKB,-,Sulawesi Selatan,Oposisi
146,Sulawesi Selatan I,Dr. H. Azikin Solthan M.Si.,Laki-Laki,Komisi VII,Gerindra,-,Sulawesi Selatan,Koalisi Pemerintah
254,Sulawesi Selatan I,Ridwan Andi Wittiri S.H.,Laki-Laki,Komisi XII,PDI-P,-,Sulawesi Selatan,Oposisi
356,Sulawesi Selatan I,Drs. Hamka B. Kady M.S.,Laki-Laki,Komisi V,Golkar,-,Sulawesi Selatan,Koalisi Pemerintah
421,Sulawesi Selatan I,"H. Achmad Dg. Sere S.Sos., M.A.P.",Laki-Laki,Komisi VII,NasDem,-,Sulawesi Selatan,Oposisi
422,Sulawesi Selatan I,Rudianto Lallo S.H.,Laki-Laki,Komisi III,NasDem,-,Sulawesi Selatan,Oposisi
484,Sulawesi Selatan I,"Hj. Meity Rahmatia S.E., S.Pd., M.M.",Perempuan,Komisi XIII,PKS,-,Sulawesi Selatan,Oposisi
530,Sulawesi Selatan I,Drs. H. Ashabul Kahfi M.Ag.,Laki-Laki,Komisi IX,PAN,-,Sulawesi Selatan,Koalisi Pemerintah
66,Sulawesi Selatan II,Drs. H. Andi Muawiyah Ramly M.Si.,Laki-Laki,Komisi X,PKB,-,Sulawesi Selatan,Oposisi
147,Sulawesi Selatan II,Andi Amar Ma'ruf Sulaiman S.E.,Laki-Laki,Komisi III,Gerindra,-,Sulawesi Selatan,Koalisi Pemerintah
148,Sulawesi Selatan II,"H. Andi Iwan Darmawan Aras S.E., M.Si.",Laki-Laki,Komisi V,Gerindra,Wakil Ketua Komisi V DPR RI,Sulawesi Selatan,Koalisi Pemerintah
357,Sulawesi Selatan II,A. M. Nurdin Halid,Laki-Laki,Komisi VI,Golkar,Wakil Ketua Komisi VI DPR RI,Sulawesi Selatan,Koalisi Pemerintah
358,Sulawesi Selatan II,"Dr. H. M. Taufan Pawe S.H., M.H.",Laki-Laki,Komisi II,Golkar,-,Sulawesi Selatan,Koalisi Pemerintah
423,Sulawesi Selatan II,Teguh Iswara Suardi,Laki-Laki,Komisi V,NasDem,-,Sulawesi Selatan,Oposisi
485,Sulawesi Selatan II,Ismail,Laki-Laki,Komisi VI,PKS,-,Sulawesi Selatan,Oposisi
531,Sulawesi Selatan II,Dr. Hj. Andi Yuliani Paris,Perempuan,Komisi XI,PAN,-,Sulawesi Selatan,Koalisi Pemerintah
575,Sulawesi Selatan II,Andi Muzakkir Aqil,Laki-Laki,Komisi III,Demokrat,-,Sulawesi Selatan,Koalisi Pemerintah
149,Sulawesi Selatan III,Unru Baso,Laki-Laki,Komisi VI,Gerindra,-,Sulawesi Selatan,Koalisi Pemerintah
150,Sulawesi Selatan III,Ir. H. La Tinro La Tunrung,Laki-Laki,Komisi X,Gerindra,-,Sulawesi Selatan,Koalisi Pemerintah
359,Sulawesi Selatan III,Agustina Mangande,Perempuan,Komisi II,Golkar,-,Sulawesi Selatan,Koalisi Pemerintah
424,Sulawesi Selatan III,H. Rusdi Masse Mappasessu,Laki-Laki,Komisi III,NasDem,-,Sulawesi Selatan,Oposisi
425,Sulawesi Selatan III,Eva Stevany Rataba S.H.,Perempuan,Komisi X,NasDem,-,Sulawesi Selatan,Oposisi
532,Sulawesi Selatan III,Drs. H. Muslimin Bando M.Pd.,Laki-Laki,Komisi X,PAN,-,Sulawesi Selatan,Koalisi Pemerintah
576,Sulawesi Selatan III,Irjen. Pol. (Purn.) Drs. Frederik Kalalembang,Laki-Laki,Komisi I,Demokrat,-,Sulawesi Selatan,Koalisi Pemerintah
67,Sulawesi Tenggara,"Jaelani S.IP., M.Si.",Laki-Laki,Komisi IV,PKB,-,Sulawesi Tenggara,Oposisi
151,Sulawesi Tenggara,Bahtra S.PWK.,Laki-Laki,Komisi II,Gerindra,Wakil Ketua Komisi II DPR RI,Sulawesi Tenggara,Koalisi Pemerintah
255,Sulawesi Tenggara,"H. Ahmad Safei S.H., M.H.",Laki-Laki,Komisi IX,PDI-P,-,Sulawesi Tenggara,Oposisi
360,Sulawesi Tenggara,Ir. Ridwan Bae,Laki-Laki,Komisi V,Golkar,Wakil Ketua Komisi V DPR RI,Sulawesi Tenggara,Koalisi Pemerintah
426,Sulawesi Tenggara,H. Ali Mazi S.H.,Laki-Laki,Komisi XIII,NasDem,-,Sulawesi Tenggara,Oposisi
577,Sulawesi Tenggara,Rusda Mahmud,Laki-Laki,Komisi II,Demokrat,-,Sulawesi Tenggara,Koalisi Pemerintah
152,Gorontalo,"Elnino M. Husein Mohi S.T., M.Si.",Laki-Laki,Komisi I,Gerindra,-,Gorontalo,Koalisi Pemerintah
361,Gorontalo,Drs. H. Rusli Habibie M.A.P.,Laki-Laki,Komisi XII,Golkar,-,Gorontalo,Koalisi Pemerintah
427,Gorontalo,Dr. (H.C.) H. Rachmad Gobel,Laki-Laki,Komisi VI,NasDem,-,Gorontalo,Oposisi
256,Sulawesi Barat,Dr. Ir. H. Agus Ambo Djiwa M.P.,Laki-Laki,Komisi IV,PDI-P,-,Sulawesi Barat,Oposisi
428,Sulawesi Barat,Ratih Megasari Singkarru M.Sc.,Perempuan,Komisi X,NasDem,-,Sulawesi Barat,Oposisi
533,Sulawesi Barat,Ajbar S.P.,Laki-Laki,Komisi IV,PAN,-,Sulawesi Barat,Koalisi Pemerintah
578,Sulawesi Barat,Muhammad Zulfikar Suhardi S.IP.,Laki-Laki,Komisi VII,Demokrat,-,Sulawesi Barat,Koalisi Pemerintah
153,Maluku,F. Alimudin Kolatlena,Laki-Laki,Komisi VIII,Gerindra,-,Maluku,Koalisi Pemerintah
257,Maluku,Mercy Chriesty Barends S.T.,Perempuan,Komisi X,PDI-P,-,Maluku,Oposisi
486,Maluku,Saadiah Uluputty S.T.,Perempuan,Komisi IV,PKS,-,Maluku,Oposisi
534,Maluku,Widya Pratiwi,Perempuan,Komisi III,PAN,-,Maluku,Koalisi Pemerintah
258,Maluku Utara,"Irine Yusiana Roba Putri S.Sos., M.Comn&MediaSt.",Perempuan,Komisi V,PDI-P,Wakil Ketua Badan Kerjasama Antar Parlemen DPR RI,Maluku Utara,Oposisi
362,Maluku Utara,Alien Mus S.Sos.,Perempuan,Komisi IV,Golkar,-,Maluku Utara,Koalisi Pemerintah
487,Maluku Utara,Izzuddin Alqassam Kasuba,Laki-Laki,Komisi VII,PKS,-,Maluku Utara,Oposisi
154,Papua,"Yan Permenas Mandenas S.Sos., M.Si.",Laki-Laki,Komisi XIII,Gerindra,-,Papua,Koalisi Pemerintah
259,Papua,Ruth Naomi Rumkabu,Perempuan,Komisi I,PDI-P,-,Papua,Oposisi
429,Papua,Tonny Tesar S.Sos.,Laki-Laki,Komisi VII,NasDem,-,Papua,Oposisi
260,Papua Barat,Obet Rumbruren,Laki-Laki,Komisi IX,PDI-P,-,Papua Barat,Oposisi
363,Papua Barat,drg. Alfons Manibui,Laki-Laki,Komisi XII,Golkar,-,Papua Barat,Koalisi Pemerintah
430,Papua Barat,Cheroline Chrisye Makalew,Perempuan,Komisi XII,NasDem,-,Papua Barat,Oposisi
68,Papua Selatan,Indrajaya S.E.,Laki-Laki,Komisi II,PKB,-,Papua Selatan,Oposisi
261,Papua Selatan,Edoardus Kaize,Laki-Laki,Komisi IV,PDI-P,-,Papua Selatan,Oposisi
431,Papua Selatan,Dr. (H.C.) H. Sulaeman L. Hamzah,Laki-Laki,Komisi IV,NasDem,-,Papua Selatan,Oposisi
262,Papua Tengah,"Kamarudin Watubun S.H., M.H.",Laki-Laki,Komisi II,PDI-P,-,Papua Tengah,Oposisi
364,Papua Tengah,"Dr. Soedeson Tandra S.H., M.Hum.",Laki-Laki,Komisi III,Golkar,-,Papua Tengah,Koalisi Pemerintah
432,Papua Tengah,"Arjuna Sakir S.E., M.M.",Laki-Laki,Komisi VII,NasDem,-,Papua Tengah,Oposisi
263,Papua Pegunungan,Arif Riyanto Uopdana S.T.,Laki-Laki,Komisi XII,PDI-P,-,Papua Pegunungan,Oposisi
433,Papua Pegunungan,Roberth Rouw,Laki-Laki,Komisi V,NasDem,Wakil Ketua Komisi V DPR RI,Papua Pegunungan,Oposisi
535,Papua Pegunungan,Paulus Ubruangge,Laki-Laki,Komisi IX,PAN,-,Papua Pegunungan,Koalisi Pemerintah
365,Papua Barat Daya,Robert Joppy Kardinal S.A.B.,Laki-Laki,Komisi IV,Golkar,-,Papua Barat Daya,Koalisi Pemerintah
434,Papua Barat Daya,Rico Sia M.Si.,Laki-Laki,Komisi VII,NasDem,-,Papua Barat Daya,Oposisi
579,Papua Barat Daya,Faujia Helga Br. Tampubolon,Perempuan,Komisi VI,Demokrat,-,Papua Barat Daya,Koalisi Pemerintah